{
    "0x02396790f97BD4d403f4A3ba9865095fCBb0a0Ce": 1772.1845438,
    "0x24120627F9d31859757D9B94c025041A5868f196": 13647.408302096379,
    "0x2AE42274C4e0A45b39c3934CFCc83A66776Afc0B": 2635.7199,
    "0x47a439c55B282BE986EA07E1B5fC81cd3FA41148": 1340.894074,
    "0x4A7357a3078D1dF774e2FfA4a933834Dae3CC421": 529.7211442894394,
    "0xcD86a08f77f8098da7D3183Ed3c4B8FCdbf9fe94": 843.6687664,
    "0x03Ec6D3828d5f1127bf086e59A5a4433C853599A": 4335.0,
    "0x14d2Da59e2f9069d2F8B1179985e08bA3f10ff15": 100.0,
    "0x1F3d7724bE40e80EE3B55129dfeb3e7706AB0313": 500.276725,
    "0x2CC7dA5EF8fd01f4a7cD03E785A01941F28fE8da": 606.146,
    "0x3D0E2956d577d59Ab0Df7aBf3e3FE44448c50Ff4": 10040.94,
    "0x498C46410522ccD24fAad46aE4Bf6f367C315Af7": 1081.7836851711995,
    "0x6089b9dF631996ef82BFD4F272B0c81137B6Ea83": 250.0,
    "0x61f693932193BA5f1B1678D667e99410202c9D85": 167.8,
    "0x63C839B6b8c94204a0560C9DCb3f6849E6E61eAd": 1230.6776,
    "0x6610c07E572597Fef728daC61384dD950abAFE7d": 84.5,
    "0x7352017db953A41389d1B07F2773a50AD7c1AE87": 482.86,
    "0x88FDa4BDAD0a692F28beE009D3A67005E9411931": 5475.875221707981,
    "0x8B8A7e3f14C2c74F9C85AbDD48Ca41653fadB029": 616.85,
    "0xA38F0392853e37963f8F60F80d8661aC79214A81": 4966.888521,
    "0xBC91E8343Bb382aD4067c35cbB9Fe381f86dDe41": 2337.5754099940723,
    "0xCF43e9A2F9ED4810de89aE08d88445D8CcF63aB1": 600.0005,
    "0xD30182b0cb6183D62E297d41c6F0743c5F575B26": 2768.0,
    "0xDC2720a762C5bf9DeeEb54460cC8Fa8a2b62FaC7": 202.8016602217311,
    "0xE89546063D995dFC96D719e4FF533e82A02dBb88": 3887.624409,
    "0xEb7821A22602b0518CAf8D973a0738dfd06bc2c3": 524.9931523,
    "0xb8e18294bDb03bD3f19695243163c42A541bC4d9": 250.04371645501823,
    "0xc64A33242dD902E8511f603D9A892557B36Ec20A": 1601.962495328017,
    "0xd8121b43CBCe0FA7f5DbF575EDD866DAC075C39A": 50.0,
    "0x07266611A9000c0225cF1501020Ff0B058F0e6CB": 1250.0,
    "0x22ADC81De50eB7f27D11653BB925507Eee90C59a": 251.0,
    "0x4bCe2508A663b1d241450258b71cBf0D132DA842": 298.4039846699756,
    "0x69bbe1566cC01c8E5809526028EEb47AeC652a3e": 316.67137971468946,
    "0x7097d850a9EF60699D6349801427d46A786E9e6D": 4050.0,
    "0x771DECC16B2362144F86aC4d748038927E153593": 250.0,
    "0x8192589b8079b8dc2a9269720b923972E3EeB0b5": 65.0,
    "0x81D8CDe09dB2D83D477FB833003cb373C6c6F35E": 1251.78,
    "0x82ec477BD93940e7CE16fa42f464Be82d7355815": 250.0,
    "0x85d1f135718F40Ce9399C42A7f4e912eb91B8B66": 150.0,
    "0x8c57D1Fab10D4B78F49ef5C6ABaEB76a63710f61": 250.0,
    "0x922175bc910A4D2a1a9a55938eC33baFCcB00D40": 250.0,
    "0xAAc588B919973aA47b7a780719139B60151933E1": 1250.76,
    "0xB0759A6F09CC7c12704ddaA5716544CA0C1e9bf4": 2100.0,
    "0xB088Af717E0F72136746544a8EE791A6B3149815": 612.0,
    "0xBE3C90D34b757587C62852DCd57f7c8E1bc5547C": 249.2958,
    "0xC5C5B58DB77714c29bb19C8Bb933994E6c7f38D8": 1000.0,
    "0xC943d7dbdE50aAFa20532939405C1Cdf10147ff9": 500.1855729921364,
    "0xD1453C1310846EC5Ba080fCb1D3E128e9D124745": 3354.8896763969387,
    "0xD8f35EF085D202FA7CAd0E0C61da737b60E1F855": 717.09112,
    "0xE2df1B94ADCF8bf41219651010EF9B229EDb228b": 11026.0,
    "0xe627620E52e11D043f5A1dfAf8eB4308219e6d6A": 847.75838,
    "0xf8a3157E83917CFA7B72384a3Ddf83cd353b0A75": 250.0,
    "0x080182970F8cf8EBfd7Db1d359Fb81d32680208b": 580.0,
    "0x139612Df42395a9A49714F7C5fe4eff25f64d79d": 250.0,
    "0x35A53dEC7c72eaE9dEcE3250D13A8Dbfdba51919": 300.563,
    "0x38b41dD55280b70a517e5A0c62645631252014b1": 295.37091090473814,
    "0x425075E222B01Fb5Fe68471900f587D754b964AA": 251.272348735469,
    "0x44979372aED83116860FC7B5dAf70F012e3a3958": 1002.976,
    "0x49d1978DCe1a788A0e33Ac59C004e5fEe4093e95": 250.0,
    "0x6FEBc32b23F5A9F110B2d9E6F4a7D1e6125ee206": 250.07,
    "0x6c9987f108a7db67889d31Ce57bDDe3d3C4f9A83": 724.4,
    "0x7184303b1b9E46ac83Fa9d585f34660141897281": 50.0,
    "0x75254d4c51d96dc7Cb5Ba2E3a8257a0232E5C247": 1216.7423173462726,
    "0x8439a3B6ed9cF3771Ba4b91C2812316a209ec194": 254.9891647805,
    "0x8584cD7c5DF7BE54105e62Cc5799f6e0Fe1804F8": 504.0,
    "0x8900612485De7cCFa8ba99cC88701617aCB7f3B2": 1217.0,
    "0x983c96d82C204F0F97b61E2BBBcf88df4Dc2906B": 1476.3417123312736,
    "0x9d8f02c333646D5982D8A31289F0545034D0eeE6": 1295.0,
    "0xAAF78732FcC857f47A4a07FB0AD436efF128f11d": 250.00260423714084,
    "0xC4c4612E59a154640047DB45cC91574c18B7aF27": 250.0,
    "0xC825C4ed0cE2607939A201f12b591f015d634090": 2500.0,
    "0xCAB03eA07c50D5ba4c6df7fa02863AB2C141c868": 75.25687820258257,
    "0xa0E9DAb471e6166aFdCBa35AB576077068c7Af18": 3000.0,
    "0xe4246510cab8097a8DB8c688D998805ac39B5274": 600.725948462,
    "0xe9D289dce390906eD2E982278f9653f7B03c3DF7": 1250.0,
    "0xeB1BcBfEC30297E70ce7Fda0a6729A233c957117": 1549.5470187696114,
    "0x039519E6B47a81276D7A4E318de4F0d60eAc4ecc": 1500.0,
    "0x0c65d8463e8Dda2a5c7a30251A421DF63647Fb5A": 500.0,
    "0x12299729f3CA770a6cD2390dB467948A1473E7A8": 77.37575733550885,
    "0x1a669bfC13FDAa895c1d917969bcF541081C9E4a": 393.7355911869029,
    "0x26862CE3B25608B3a0a1a4851E0bf7B39b8b9E8f": 7057.0,
    "0x3951E4B34AbCc8D39882F396Cd9334109E8B3cba": 1312.293,
    "0x5AE36d7Acd459302876b2d1C312d5c2B0507b794": 39984.94713724374,
    "0x84AbEd2425a62da3ec826b1e510e05e4B6A4195B": 27107.6219856086,
    "0x89A64d05d02760cb1C8Fb5848a250e464449f117": 1000.0504469503426,
    "0x8d25Bd44F505c08F1160A740528Ce33DddC1Cd65": 2001.8935366116657,
    "0x913DFf3bc0Fb4B13468a5D98ea836a4fb6F467c1": 382.74779,
    "0x96cc7cD6De2F739A18d9914015a6eaBbd6cDB6e3": 98.0,
    "0x9d5531a034c125ac14f0780E6e99310739AD0B14": 10000.0,
    "0xB23Ccb396c62d427bc2b85A8Df6Ce35DA684ebe9": 1250.119,
    "0xC81a77D1F0785ea0788DD4F6266C8C3Ae886dee3": 10000.0,
    "0xCca1ad5b7Ae6bBE9330D85fc8cDEbBe5bC45F48A": 1550.0,
    "0xD6f30247e6a8B8656a8B02Ea37247f5eb939c626": 250.0,
    "0xE1c56fD123D81DFEcB57C0c6153e8F35F6fE7e13": 50.0,
    "0xEf8a3991bc37517F6426B996dF42e25fa4EEEeCB": 500.0,
    "0xF9C52DcFbCb85a1F2f003acFBdfF591Ff088D4e4": 300.89,
    "0xcC52f72c0813e1aDA3E4ACaCD57d7fFeca3620Ec": 1000.0,
    "0xd999aA36D7aF50dF5D980A851152908050021224": 250.655,
    "0xdb56Fa41BE24A44ca4CD81aC010Cb75b15c09952": 2400.0,
    "0xfA1fd704de3f5493090b354a6628c11A95891Fce": 983.0325547595291,
    "0xfD3A7B5fb5c5334766489e4a46fCb46E24834613": 300.338,
    "0x2dfbF075BBF541744f946ED97Be710f5F12747b8": 10000.0,
    "0x367Bc1a9d1EF225307666E330E127EAF19B2160a": 1739.57,
    "0x4719675ef728C972644635fEC6a29633fAe835AC": 1.0,
    "0x6fb59ab9D10fA2922CEf198BCE982c6f1f4a4756": 165.0,
    "0x722C5b504CA4EB565baf02E2DE068a002c185EDD": 8479.185529008832,
    "0x7Da7CEAD3bdf8bb374c9C210B16C43Dd9AD80C46": 15769.14521,
    "0x7F1e7f6253DD2c64B6818FB2376F0e38e46F9cCD": 6222.366117760221,
    "0x83FAad862Fb2cD3aA828F7A795f3f559dF0baDD4": 681.3,
    "0x9F3f66DA80bb8101F6c770F6cF5D9023D7819da4": 654.64,
    "0xAadF465695b80D5F8A1079b6646ba0bDbbaa4307": 29077.822724051777,
    "0xB632619Dd73db082Df23d7E8D5bEd09b63E31417": 4000.0,
    "0xBAEc3738E3a556a5bd6441AB045d053ac957029f": 229.0,
    "0xC6fC25f965228EFA8264d8DcFa5F80dDC4c1d667": 365.8,
    "0xCA19509388d5a40e42398F2FbE28c35a3147cA07": 2000.559,
    "0xa8960CD283DAFafe6F6D3b1B8DcD78CD21A4Ce09": 1906.0,
    "0xdF8C7Fd90Dc29AC78679952273BfA016899cd1ff": 150.0,
    "0xe3BDB6A1FbE7338F03cD8FFd73B61470c40328Bc": 11.08970196512109,
    "0xeD87Ed81A8D45a868bE703820C2B60052dd31441": 250.6350218779839,
    "0xeF91e857B2f957e6495f5010FbA8c3e67C3E65E8": 2253.270723859576,
    "0xea4e60B8C4b06f14A8087729AE542C3959731Cab": 250.00000016445355
}