{
    "0x5e40F7f37338a21d087B6745d8F26fBD9b19F049": 5432.0,
    "0x76d7384B59F1a58c1CCe247d2E52751DCe4eEd21": 14544.0,
    "0xCc54DD4f4D079524A1C417bC2E2c2530179c6337": 733.0,
    "0x3745A051dF3bA173a0b76Dc1af2491D18D3eD986": 746.0,
    "0x388618D30Aa74b69956880032B2a8c8aAa7f6417": 253.0,
    "0x39bbb8c321fdF88804C4f82487cb91115F1eC780": 19159.105247126616,
    "0x44051AD7FdA9Ae27bCB397AC753678D0753aE16D": 400.322,
    "0x6e8231A42D9952238D1c7F8EBF8EB9e35d74867a": 101.02341050643996,
    "0x72590bDd8C9Cc95858854beB825F11376cdf0A7A": 200.0,
    "0x952b7237E985B673a587D58B0Aa2756f09c1B038": 1071.0,
    "0xC81a77D1F0785ea0788DD4F6266C8C3Ae886dee3": 4740.0,
    "0x03207642567238310Ba8EF2Cb7eBa0Ae8d2ABe84": 572.2068,
    "0x270A0De48967E60a419B872807A2A749D1E95fd2": 501.480406030097,
    "0x397E378287F2aAE2EabCAE5438d35AcBce8CD038": 1199.624712323059,
    "0x4f941E5Da657375e75d6d92852431CC7bE3EF7A8": 2708.763537558835,
    "0x5ACe64072c3B943d5901137543798Cf2C6871B09": 496.34,
    "0x5a1870d746C45A8c66db40A6Faf3DbfdD0378EbB": 1000.0,
    "0x795f0097a82C0F4A46b3e5Fd64E5d2aF1e148290": 3002.8852354710784,
    "0x8277ba1481D2dFADb86d9002D123F81967215186": 2024.0,
    "0xBa67cB850668EbDC213359e1ACdB96687717E200": 2863.638,
    "0xF6193AB4d4bD0a2aC34B31dBe11a5b0017535a20": 400.0,
    "0xa10D89d792378e651e67899ad7600e9f7e3Eb429": 1597.3182595156115,
    "0xa3E7457240F0B624A5565D49f049de7eAcC40483": 1232.91,
    "0xd42BEB9bc73D808F8C97211B225326Ea6D9f654B": 414.0,
    "0xffDB6D24cc42455b11cF4aB9B688fb8b357D9fC5": 500.0
}