{
    "0x06d6DEC719E2ACf3480E9478ad368e2EFF1368cd": 500.0,
    "0x16A7aA64872FF37a456de74b3783fBd4DF3bD6d0": 600.0,
    "0x6e5B935Ac926E11DeC812eb0A5425ec5e4c96355": 425.3667078,
    "0x6f7499ae339f3b03DCF9582DEbe12b2856829561": 5331.715548722001,
    "0xF95EF24C632470A98624F5a86e496Ad35f357055": 150.0,
    "0xc163197A9d80F04dFAa550dA9AEb826D81eA33aE": 116.0,
    "0xf5b1e6949b2F325D7C08570d7f9798e5ad4780a2": 50.0,
    "0x055c9d415a461D624FDaFaf02D106fE6B9aFF929": 500.0,
    "0x1d341740703583ec5208B03376455BCb3F8964CD": 572.0,
    "0x26aAfe1C9e2ba824D2cDeA61e28e8bff2B62868A": 300.1,
    "0x38d4698DCd6584242103C1d949f301286e66cFd0": 0.5,
    "0x3d84c4a27D3d345B6B26d120d37DC014b2C7a48B": 250.0,
    "0x456462bc7c90c700F78C448452Cc5466df67e3B0": 301.0,
    "0x5a2B75D9B3B062CE05FABfAF85123a1cC3698f69": 5067.48,
    "0x5a4171aF67186Ae8e641d92b82fe33852d52D68A": 550.0,
    "0x5bE798Bf258ac5319e74428a66e635df491DE2B2": 1000.0,
    "0x5e40F7f37338a21d087B6745d8F26fBD9b19F049": 250.4,
    "0x6a66cDb6e5A5065473d216B9fF1b4225fC60bF86": 154.0178,
    "0x76d7384B59F1a58c1CCe247d2E52751DCe4eEd21": 7369.0,
    "0x7F1CD22F3E8DfaC287cB6b1D29a4D28ECB797b9c": 12528.4,
    "0x834fe96456115029871860eE88db1d4e12d8Eb1B": 551.4971238,
    "0x895aDFC8C4Cde52DbE6D9c79351d36a2Bf3Faca4": 100.0,
    "0x9657De59414F57951e17F12498aBF6cACED58A62": 1206.0,
    "0x9e4EB9Cf12b5E03aAfF815930148addaD7BB646e": 250.0,
    "0xC81a77D1F0785ea0788DD4F6266C8C3Ae886dee3": 12052.0,
    "0xF5c11354d916aEC388eb3e6DA3C46D0C8F9Cc9E7": 371.8246916,
    "0xF65a25d52bab791347e5a8ac3c59d7A9d76DAC27": 500.2174199,
    "0xd666aeD1acC8a47DDdaD5167259C18060dF7C526": 1006.118556,
    "0xde52EfA1cFB4Fed895adA709AEa5Cc18Ae046b0F": 426.0,
    "0xf062921a1ff8beCC04705789afcB94763fD60cd8": 840.0,
    "0xfd482854DF90eeAe9A589eB95c9854c62A3f51Ab": 1314.9,
    "0x0042A384a2E8e8ACA48B5118CEe225408d857037": 300.0,
    "0x0988Cc3E99aF9EfBE1D6c5FeEB73D1f7fBCb202E": 5475.0,
    "0x0BCDa2B744B41657B933Cd099fc6c0e5b4eb8467": 925.0,
    "0x152F6428542d5634cbd00878F61ED6Be88803cd9": 250.0,
    "0x1Ef9f4dEB45c470244d53ca6f1135816FA7A5f52": 329.707068,
    "0x2B4B39316d788eb080056bC505BA18b42cda0eD8": 57.88799342,
    "0x49AE70cACf2C8a5F680cf749706b2f5ced5EFaC0": 50.0,
    "0x4a66315E01Dbd8CAD93A8959B0eaBE856c8A355b": 147.195,
    "0x72eA179FEb4f8C0EFe22B343E6ea372F4D4C6937": 250.0,
    "0x7BdC78FCe40AE052E17b7f3F61275510493ea838": 223.2574045,
    "0x7ea87BE8ED8B75afaf80a43CdBb40753e7ad74c6": 70.82665796359099,
    "0xA44A338096ADd7AC67Fc2ee4667A4b9Bc141a4d5": 1542.0,
    "0xA5E43D0180b47fA72e9B385b86493Be5b41982AD": 390.0,
    "0xB7C75d90041B1149a9319B8BcCAd16B454A076d6": 1250.145195,
    "0xC0701fcC8B67f328336EF2f646b97c429a273413": 231.7367918,
    "0xC8ad437cAA04dBC11c30782686E14892DCAAAE78": 50.0,
    "0xD4f0a07E8eB8f0D78D8Fb9a6C717896eCd7E0760": 1896.969731,
    "0xFF1FB850Ab1B4a9CB31Ab3a43D145D90383Bb072": 149.0,
    "0xaeC9712dFB5AaaBB1aa74A8ED422fF4E47a48Ffe": 410.0,
    "0xe98DBB3F44Fb106B7cb3Aad4296F659E3FBffc2e": 416.0,
    "0xf607D310A9504D6Cad6b6E8BF3b450311A7f8ec4": 601.0,
    "0x018A973136feeE8D41cb5A5De46fA491baECf2Dd": 250.0,
    "0x21FEC8Fab25613d3D1d1294346C04177E565b1C2": 412.0,
    "0x33bf568eF0f436B009a81520F9BccF8e2124d18D": 1250.0,
    "0x36B1ff9408a75E5A17Eca15C18c237d471a45FE5": 300.0,
    "0x3F9517ac3CCC311C84826fB000bc8df1e45C4b72": 300.0,
    "0x479CeA2AFA57B4e2dA3561793bd69E3f6a4C346C": 507.0001182,
    "0x4e02004c80ffEe6b40239B12BFcD06F234e74a29": 4955.233,
    "0x5aD4e3102FA7c15b2044Af2F1b3A9600E2bd55c9": 10009.0,
    "0x8fd6980bDeE15c3fAD7E6dFcFaa9D625ced6013f": 350.1921185,
    "0x9F3f66DA80bb8101F6c770F6cF5D9023D7819da4": 945.0,
    "0xAa074D2f18a53427A3d03F00a0E1A768af80aE5b": 350.0,
    "0xAdd3aE6B9Ba14FEA02E2e00d34771F286D97B303": 111.3,
    "0xC9EB4e98E81E6b0aBcF7b85dFa0196E2f6cF2fCc": 300.0,
    "0xDE581C6203226cf5183f58939683798BD4839270": 490.0,
    "0xF53b62171B9b057C41e52770DCC33B347d048C15": 3000.0,
    "0xFbb36eb0ec4639d8DdB31213b5d8b94505Df8F98": 50.0,
    "0xb121C379752dA402003132d612dC758b9494a717": 300.0,
    "0xd3cfa09Abb5dEc89418e4989C0eA62d17429798e": 860.019748,
    "0xd730bafAfA2d3B96D73A3fA0eEbD924a7F5E18a2": 121.65,
    "0xf0756498013d72809259F18DBE6c124a6d44A8F2": 250.0,
    "0xf3DD5dC633e2e17bc2C996E7afB370e56Fb93BDB": 1000.0,
    "0xfF3e90207C76c835d0F69cAdf684A2989Ab81071": 1301.555325,
    "0x05DC39f764B43eCfA99d6ed1CBff0e9f7dE4F6F2": 1062.0,
    "0x2EdD4D78C1B359E3baE03DDe7391F9F22D96087A": 3143.0,
    "0x30C8c66d77a259d3b53473dBDD38B57A7e772C4D": 2040.955798,
    "0x35D30f3ca338b4E92C5542A01Ebe058c1a6d8206": 167.0,
    "0x397F69108E9fc3eBDeb3a4C6e33E09Eb8F2B6A97": 597.26,
    "0x4ddCdAfeEeee9b064f7EED4d3fD0DA32C8533300": 50.0,
    "0x56629E895D881Bebb90B592a5B0F52D7E09cCbaD": 8500.0,
    "0x718f5ac06FE3BEdC42388B014fC1231107eA3650": 193.0572143,
    "0x722d2Fc3be44dCf33bFb67C27C308a9f58893293": 1250.0,
    "0x9c8566D0097046E3C0726B85474036B9CDA78585": 350.6832,
    "0xADB001E1078b17654872cA7fDFb5f1F9b576dFFd": 56.4,
    "0xAF2b12877847040989c53ACfFAd259795D0f982e": 251.035972669252,
    "0xAce5B823eA0b0a3e08c05f671dB210A3dC170B2E": 200.9037229,
    "0xB0e218c5BE3Ae27507f2c9e35460BfbBB1F5db35": 7275.75,
    "0xBFfec784165EB421EA17A424D2979853B1041D99": 520.3801206,
    "0xC5a444017B9975B80F4fD030BbfEa138058a5E67": 1251.8,
    "0xDe4a1F5abb1E9d9D58EA3658EFf61514eA6f44bF": 688.0,
    "0xFD0412CFb36Af618692B6d5f24DAcb60187E62b3": 165.0,
    "0xFc42d50d3375fDC77D03AF2B2334F5a78afC1332": 31.87999716,
    "0xFcc258B802E11bB5c998E05946fdaCdaCdAA7100": 732.0,
    "0xd2cC14B0628BEAee4C8cd680D507252afCbB418E": 3028.850376,
    "0xeaf88464B5628f666DC88577D20DE97C79F10428": 359.0,
    "0xed854EA390B9C5394007f82bA49444dd101998A2": 250.0,
    "0xfd259b5b63881c62AE364acB18752c1E84b5Bd36": 3716.706145,
    "0x0484Fe17519F1e0a9f6421A38a760ad031c16C86": 300.0,
    "0x09e43773E05d2C7f74999616bd701a6a0AFAFA98": 155.855668,
    "0x228bB7fA62Ecb860010921934A32F21f80af9568": 300.0,
    "0x23037E2E175675a0b266754F681cf120C2EdFB32": 750.98,
    "0x2962eE43Ae82D4dEe0EB667bEe5cf46b215D75e5": 59.806,
    "0x29E433A7Da5Ed6CdB2678BB0B4bdA234eA2703fA": 600.0,
    "0x3267131dF2C8dd1F02736f4F2d87f994C5645a91": 2501.0,
    "0x34BeDa774efa7C62db9F5ef6154995AB02975E42": 50.0,
    "0x4E72f7E288f7c1c58A439f8d101DeD16587045D1": 300.8334775,
    "0x5fdA01c8976a0AE70602749804eF24066cA11624": 1099.9616541546816,
    "0x69320B80240242f2E9C3C4f27C1050F1C4ad1424": 182.078,
    "0x69525a3B3B932E7969c877e6d4f8cB060cd07975": 662.7129757,
    "0xAe2DaBc4c278c74A7464CA808fB16CCF172ee713": 200.8867071,
    "0xB047e5845cE7c26C915A5b4861d990f61B77e4a4": 5000.469929,
    "0xCB8B3d65F8c41Fc083BDa7Eb20058d574d47B28f": 1106.73,
    "0xCcEDb6ddB9Bcc157feE1ff70692C6f7874622656": 51.0,
    "0xD779d7078892d2aDfFc85293B4632cFA36332d38": 3738.669337,
    "0xE1b8988c4415dB08c6CFfA5CcA7861EE99D59bDE": 253.511,
    "0xd75ac203E9aDEeAEB5cAf97589e92b0247D2A8D1": 731.3944167,
    "0xe5640785E22Bd241Cd3f87e1807550Ba87d05A38": 655.64,
    "0xba67cb850668ebdc213359e1acdb96687717e200": 1431.82
}