{
    "0x02483ab8b7eb1804Db8DA2b734a15F5813615f85": 13380.89,
    "0x0d99D9c32d012620ee07DBf0B7A020A633C4FbCD": 2027.87,
    "0x76d7384B59F1a58c1CCe247d2E52751DCe4eEd21": 6408.0,
    "0x7e4916691B009B509a6CD0cddcc7745725958fC9": 529.22224,
    "0x7e9D5DA81C3826465D6958A3fF804d1f48dBeCE1": 4675.4,
    "0x7f950844fBCe3e5c70ba16b012706605F353E0D0": 6042.0,
    "0x80D342081dCF184bc8fB4C911662559280491d4b": 1971.78621,
    "0x89b754dF9d2bD896D7d34fDE97c0c6D3d655CC78": 3561.4,
    "0x9f3cbb6fD7d9583dB18f41addd6E12e84D10EE00": 4960.0,
    "0xB0E86b059ddC05B17f42bC9C2A819B5486378781": 626.9613011044694,
    "0xab4b16EbE8cf340423039F6d8346E4b7bA16e12C": 383.8385,
    "0xc381C764415B042Ed79429793300Ef5853D3A06d": 413.7,
    "0xc4FE48A67f3c77030eB9631BC9Ee75FC99965EfF": 53.0,
    "0xcDc19c32f5077fcA21155e7246a915c456848085": 795.5670114097892,
    "0xe7D1a55aaE4cEb8aEEaaB66153a03B20bA303cBd": 469.0,
    "0x0f2453deeDf6ee67127BAbbc6a99e77D5fc21354": 4005.801974970917,
    "0x1ce4E4eA21cf83d9606BD13eEE5febc3aa910cB3": 200.0,
    "0x2094e9D573c7De072f1c33186B4EF018A12aC6E7": 250.0,
    "0x23447aBBE6027c3848448A8fF28D1ECb8C0Dc9D5": 2500.0,
    "0x2F964DE86487a50E44Ec10Be1703256Ef811fe68": 719.23,
    "0x39983c280c4bC6C3801D3317F817Bb4CbB562927": 54.4662,
    "0x3B8Ebf0f799D3aE4b3fa3408f5F549a9c8e3F9e6": 300.0,
    "0x52fAAc29743102Ad97b50Cf658BA507ABA8571c1": 250.0,
    "0x546597F206765E7D5BA6f0E05A3ef40f7BFF8eC4": 1251.0,
    "0x5e40F7f37338a21d087B6745d8F26fBD9b19F049": 1418.0,
    "0x64088495a1dBEFBB96FE9Aa5e4DDD889Ddf2AdAE": 1330.38,
    "0x6480Bfac15D179076e3c75742cAb0a0C21F31734": 834.0,
    "0xA998946Ac30Fadf5F2A0d2e2634aa87759B0072c": 639.409,
    "0xAABdF39E2eB0279906328689b45dA5c504321105": 210.3303372529795,
    "0xBa67cB850668EbDC213359e1ACdB96687717E200": 10375.503457224488,
    "0xE2461A34BAa7Dfa509b0fB4D5f709A9CC4EE5ff7": 750.0,
    "0xdD94c0f8A16C8DD21BA76484C0ff3374aeF46fad": 1044.114,
    "0xf6bFA120B580B219dDc84e1f1f08190Fe9303e0B": 4001.0,
    "0xfdE482b5D48dD3e0214f9694E80eff2287bCb2f8": 622.0,
    "0x01368f7aa6F1AD5D0ce99b0f37E994E874F630b4": 1037.63,
    "0x1053F4b74A78342ed5708dc96482F37BcaB5a8B2": 1009.250513,
    "0x14DD38E5524926e802ea4f7DFd81490e958aB901": 5000.0,
    "0x15CC8E62b1DF370D9dCCc885866d741c22b0baaF": 1250.0,
    "0x2104DcB1623162Ec9f7710AAed04553584a7A970": 204.12,
    "0x38d4698DCd6584242103C1d949f301286e66cFd0": 117.0,
    "0x6De9667144E3bB3912Cb51fb294f49B3006dCA45": 100.0,
    "0x74A0bACB5A64344648D481eeC534444898Ec2d34": 741.7278649,
    "0x9026c69e1a6092249FA21f5a00B5DCb8C1e88318": 1250.0,
    "0x95b49E38b2A3140f5242D57F6Ec34920601aE193": 400.126,
    "0x9Fc1aAec4EcF71D02c1e7bD58B1aED987E8Df862": 300.0,
    "0xBE1A5ac95ff4496637E1919C59bD6640A6E29Dc1": 600.0,
    "0xD3E73AB4a948F0c98C699D78192DDE423bEF37D0": 845.761,
    "0xE0D68e3B6c640CB955295A0baEC0b4b7CF0dBd9a": 500.0,
    "0xE997Db0DA62a4065EeD19c8432f6BC8288e38E61": 968.12,
    "0xa0E1EeE5CE9881C716Ed5D09377F693dFbB65A9A": 300.0,
    "0xa73018C8c64D8b58f692da632255C8ac907C8d58": 300.0,
    "0xb3217E4AD1D22d095d9c83de172EDdDC27b7f053": 1000.0007897981804,
    "0xbBE37fea07196ABC0611dA4e95cC0bfE52Fcc6d2": 600.0,
    "0xd4F285B998738eae80C377518afC073116BDdb6B": 50.0,
    "0x01fe7D2130Dcbb47da8C3fa5F0caf41e033ce6cf": 302.27,
    "0x0308B731F7d0120fA982b6E9c5E35a11333f7B27": 2516.5,
    "0x212046Be13c4A13e08dD5AC77B3FE97fbAc0c0e0": 127.7883,
    "0x51222d660Cd46B7e0ecb760E523cE224006456B6": 255.59,
    "0x5CC8543a4E9f7F49024E77017447322A8e93Fa80": 158.0,
    "0x5bE798Bf258ac5319e74428a66e635df491DE2B2": 4604.363870069808,
    "0x645FaCA6F73cD783aE1C856b2A70CBb00d345B49": 419.446,
    "0x7654C60D4aB31e0D4717Cc6a0ccD9c6A10C89e36": 375.13,
    "0x78b3fA847Af550BA0D25673B4fd05C267cFB442C": 200.0,
    "0x86fcaDC4aB4FFc4943B9085119cbEabe883624c1": 250.0,
    "0x890635eDDF6ED6dc4a11A43B4C71C23761489E78": 250.0,
    "0x8Fc87c199203332c1cc43430b9FaD2B1868E44D0": 373.163,
    "0x8cdBC154409EF1Da00D328f947CCD01e0eeC2836": 50.91,
    "0x9163dA45159025623B5b8E3AaFf222842C18e505": 50.0,
    "0x95274f50d6E214B3359c9Cad15F001667FB275f8": 250.5,
    "0xB71986Fa8693947BE114cF43E583F7b9093C45cf": 1250.26,
    "0xBB4C4d12cC10d82c079Ba803cCB01593865A7581": 323.71227417,
    "0xBEA511a57130F9A2396582B888b2f676591ECC2E": 660.0,
    "0xD069B9562ff8b20eCD1883Dc0bc38438ef36298F": 550.0,
    "0xDE4f4015507cB53147edD0e2dfd3Dcf991aE7f0c": 321.539785474644,
    "0xEd83f0ae55018cc0a1Ae3A21F0f1683c8fD37A8D": 800.0,
    "0xa70E458d902972c789D96590ac71Ef901abC5CaC": 4829.0,
    "0xac0F1092756435a39224D7ED1cB004f5f214Eb60": 300.0,
    "0xd409769a2430CF7801499a732cef76bd28cdff4e": 2998.492639231981,
    "0xfb1E10D7f99013C9d5402C29c9ed93308257BaF6": 1943.85,
    "0x0ac6a8A6433E449D450375540ECc6A10E95AAb0F": 250.0,
    "0x100cEE61684Ee2CA9013f852DEEe448245d0F82E": 1500.0,
    "0x104db84171EC5Da4CFaECD2490f57DBFAFf540c7": 400.0,
    "0x3238934316238ebBdA1ffb229ec9A37BF66C5564": 2250.000136299308,
    "0x33a2115ff0315CB2716A3E6Ac8Cce0d2178D684F": 50.2122,
    "0x435Ca84cb4aD57EDc475E1c9426C1Eeb27a820D8": 1017.205,
    "0x56EDFA4bfF12a8D5352523bb1CF4155335aaf8A3": 1250.0,
    "0x5AD45d0E46299118e887ecA909BD727AA5c31e7E": 301.0,
    "0x6f38AbbE4e68dB491Ba8Dd376C99De8F2B1A1563": 712.0,
    "0x79a3fbFFaC5599c1F90136618b246D5a542C6AAB": 250.00099,
    "0x7B67493cc18d7787c1Dd49d7357b12BEF2ea95eD": 318.323996849,
    "0x7eBabCBbB3c3AFC3ec944783d6306b80BB5f87fB": 1000.0,
    "0xFE923B3b20C627A60d4e998DBACF5e64e33B7371": 1251.2778305978195,
    "0xa9D77FBF08aF34F69126eD64EC81df12DE2203D9": 711.0,
    "0xbd261Bda33b5812bbc5E330974d4A6B6f587Ce66": 5012.0,
    "0xcE3799d211A31af84081A3DfeDA03938ef9805a4": 250.0,
    "0xd2749E7729d61B8dAF41f4e26f5Bf5D0047481ED": 1090.0,
    "0xe908Ad1840E1d870d7EEEEB728c2C0d036DCBC3c": 251.0000186331083,
    "0xf405f5Bb7e319359a60CfC5a655462DeF1BffABD": 1250.0,
    "0x080182970F8cf8EBfd7Db1d359Fb81d32680208b": 1000.0,
    "0x0F623A464DAF9D0CA8902a769eCF5703C6054867": 530.7419,
    "0x0d8FBfCE9018950e97ea5B10f4DCE118F02fda81": 900.09,
    "0x134fc9C075Cd7567e4844f21660316CAe8DcbD73": 300.0,
    "0x17dC73f4Ef6BFE211aB89a4f83F23520A2d91E86": 30.0,
    "0x18bBf2050A077Ad737eca601D23B348a31aA2737": 50.0,
    "0x553b818cB2B8e54676Edfd6C3993Ca0C2dE256Fe": 250.0,
    "0x58cc531dC57f693Eb8ABd0FA0bC07f4cbE3b9ef3": 330.0,
    "0x7ed959C408ef1Ec7767C0Ea6720CA1dD8B9C2Be0": 50.0,
    "0x816C98D83E0d6c1Bee19D8EC3B059ECaCB764132": 300.0,
    "0x96cc7cD6De2F739A18d9914015a6eaBbd6cDB6e3": 1044.954,
    "0x9FB21640d1001d61bAF2C0ccCf63081ad50Fd22A": 2900.53,
    "0xB6d3f44d325C35e8434BF389eFD9eE83B19dED54": 66.38696774803923,
    "0xE293d3CbcCDFdb55632415Dd21a87Da305A1F7F0": 1150.0,
    "0xF513B5c68F02A2E30C9D0D01F952fcDD9c1E16fa": 250.8088242356777,
    "0xF8eB9226943e19F8817b51fDe97E2bd66E3cC2a9": 261.0,
    "0xaC1caEDcE59C216bcEDE9918A937C76933A38373": 300.0,
    "0xc08D4fE9e09997dF8FCF227eb1b7b17Bc1Eef173": 575.393,
    "0xe74AC630C5E5eB583E63583E7a523f055200149A": 250.0,
    "0xe9D289dce390906eD2E982278f9653f7B03c3DF7": 1160.0,
    "0xfc4755e96E7a935d72f7181AdB0aE8B683d5D467": 1020.69,
    "0xfca85F249512ba4aeF5A5367A10D02E242d993BD": 5000.008200386357,
    "0x2DaFfedDB402a9ab6009C7413abDCf8566f64bAc": 1256.7175205653105,
    "0x2e4a67F51cB31E68454bBac1c17b123dC518d29C": 7256.0,
    "0x4FFC303753F985D64CA4AfA19fc1674a7C2f8d11": 3150.0,
    "0x5104DdB7aFc82108D0d372DEd5dFB431a206EE54": 250.8,
    "0x57C926CBe5c8EDd57e65921C3A12524C9FfA7204": 450.0,
    "0x5c541E78E4B4b0860a4187816b17B7BDC505cF6f": 250.00194259936524,
    "0x699F76f3d6b3e386f0c711a3e25B7F4238Eb0355": 156.72465720679006,
    "0x6C18d6DEB8094EF05852d14EaF5DE3DA8c64A42E": 920.0,
    "0x70f7AbC4Ca2f4A7dB21F08Da041F7cf3ce380cfb": 422.8735,
    "0x85B8FB91EaC0eC152f1f98EB22e91E596E0D5Be4": 2002.0,
    "0x875b025f857fEe359388788b1513Ff34d8dC8645": 1165.0,
    "0x929834985e6D5C0657d251540D427b8A0Ae111db": 260.0,
    "0x9882f7E7e00410000397a9C08326F220558Ff0aa": 613.0,
    "0x9A29967dB9bB57bC4D16271B4B4884c2BEcEfCeD": 18310.0,