{
    "0x21B4299644286840eF37DE64A18a7DbB8E914969": 80.0,
    "0x5BEF45489a03462D199612c5cd992F114f398Ea8": 5529.19,
    "0x5BF57F8a9E1FDB554d65331cac55b1c9B24Bba11": 1018.0,
    "0x67ee257E82d2835A278981653B971798f396bf96": 59757.6,
    "0x7F1e7f6253DD2c64B6818FB2376F0e38e46F9cCD": 4880.19,
    "0x83FAad862Fb2cD3aA828F7A795f3f559dF0baDD4": 64968.0,
    "0x8ee5246a2668104302278Bf77481666260BC1751": 2.0,
    "0xC11D5Fd7fa38db79286CAdCaCF3156ebbdE35c4B": 44973.77938,
    "0xE89546063D995dFC96D719e4FF533e82A02dBb88": 0.0001,
    "0xf5CD2627f856c2De16Ccb2d59143dA8D9d9F0093": 2273.07,
    "0x04C6a104eB7c892f43Bb39860A428FB03F795E06": 40924.27200746737,
    "0x08Eb0034082e7cECC9dff0CEA5d6d247F83782d2": 2099.137499270304,
    "0x10a693D4b8FB8C77631D6Fc8dD290A7E2D999F1e": 250.0,
    "0x3619EA2043392a33586C8F231D06Be6A056EF4Aa": 50.0,
    "0x37c7Ef7eBB4C19c64F9C1752f11ba046D1Dc6234": 583.5311,
    "0x382e3c3A1a9928BE6819836afCEC033F7d2eA742": 344.48584953797985,
    "0x4Be0628702e983F1f568BEe3b3374370A15bA245": 998.17,
    "0x4a5DfD75cf95C3C7FaD72D35B75aD889b86402Ca": 2500.8,
    "0x71E5d30dE03720DD8fbE09cC0464792a8ae8aa2b": 905.894014052644,
    "0x8851EAE1D2A2e23CD8bb3B969D8c4BF28b49b0E1": 250.0,
    "0x8E0FD6AB040360DD674dFF0F0C24308b3B056499": 5000.0,
    "0x92655b499f868Fa100509dDDd1C8b48566394b52": 301.358724,
    "0x97725adA7725Fd5964A3A71E890926e01641FCB4": 250.0,
    "0x9eDB3b23dB4161ec25A06A2036B1620EFCdceAa5": 7244.667851,
    "0xA38fDee1FA8D71248Fd50575e69dABB317C69ba8": 1003.0,
    "0xB0f1FdaE6FB4141C20E05afdD5e8868BdAA6D39F": 1500.0,
    "0xB632619Dd73db082Df23d7E8D5bEd09b63E31417": 3500.0,
    "0xE63A3051c608DE67498B95B66aF1629A58ee77eE": 100.0,
    "0xF1483705a246bA98F807389f082C8796C3079705": 2226.527675,
    "0xFBD26Ea8938bEcb0ed7e97EA668C693193ac8af7": 111.33444004520769,
    "0xFD523cEd07E00F0621159162f30b015B0A268e2f": 2065.251729921669,
    "0xc774220F4FbD0f7fE07aD6Ad6A662CB52508656F": 1900.0,
    "0xc8790dB37d2121638097E24E3075009729A90346": 5000.0,
    "0xdb56Fa41BE24A44ca4CD81aC010Cb75b15c09952": 75.0,
    "0x0a5D300f2aaebb0DD0527696AA67cf8d648a7d7f": 7493.488043044607,
    "0x0aa34fA35DC0cBB32603d15FB3FaDf3FaaAbF5b3": 1.0,
    "0x107a4dc0351bBa0ed34B5EAF25815F71b346Bddd": 700.0183350507591,
    "0x141e40A701eF7a31F15Ea89a60Fbc3F9522cd11b": 350.0,
    "0x2ec48F301c6d99217ccFa3209beB7e192533d504": 300.0,
    "0x329df71A4288BF90F39c5774dc661fEC3B8EA2e2": 1980.700126,
    "0x3fAEccC1d48bC6408CCD885D4c579b13f0CaA79C": 617.1108322911219,
    "0x478f43c6654757CFF41C716B25c6C05b3A2379b3": 1429.0,
    "0x47E9e678452882dd94d2E01B372F2e119DC68FC1": 15058.0,
    "0x48731A48591B8A1869fa0f742334532A88b2cE92": 1308.0,
    "0x5F8DDe914a27FC368D7A91a6849DA5E03e7Fe1C7": 3003.0,
    "0x5e40F7f37338a21d087B6745d8F26fBD9b19F049": 2768.673884847586,
    "0x9f4AaD857799731C44CCe345ee39a5639472904C": 19257.85947055451,
    "0xB3a00c3CA08A1BD29341519A4f1eaEdBBa82ca39": 650.0,
    "0xBCDF672a34CbCAD5F46Aa1C5E66ba64360Cf75B1": 2452.481079596117,
    "0xDE9dF19FBa250c0E3cd9eE649264303626b4bD7A": 1161.1285194670495,
    "0xE356fe28B7B6B015a3b2BB4419dBdF2777d7420B": 10.0,
    "0xE41d7F167D254437610D82a3833C3a1E0bA3a780": 600.7885425701123,
    "0xFAdB56A7b0cF6d498dbC8b2EeE826E2f43f8A39C": 27151.90881178285,
    "0xa634D8b6fbE9A175A5bE1b0E5d6798E47D45998a": 34273.0,
    "0xb93344547c2910317855a9b917299B3a787A20AA": 250.0,
    "0xc6B9817B7C1eE805c660F5Fe2627aB4b6F26711d": 866.333,
    "0xdAD1971fE99b115fA6e357C4De78EBAcB623e23b": 7562.600250284681,
    "0xfbDD4856Fa64917c3D6744b2178F0d73e0fC626b": 819.0,
    "0x02F0B0D2Ec427A926c3cd2Cf7c036Ed342dcd3d8": 250.00040931588748,
    "0x126B9e299553Ef3e4Acf92B85bd5C34d539d6eC1": 50124.195999999996,
    "0x14EC250424Ab2Ab0F47C11f80b217CC1a3f3f4A6": 1851.3137464547208,
    "0x22E623F1B8762aD5C3c5D2983dbE1666fa37b942": 300.0,
    "0x2A72a3164D1a8947F2eAEd02aE3a4B1868580d0B": 268.0,
    "0x2D8B113d44D9a55d0C6a0f90a46B3BDb1EE373E6": 2110.0,
    "0x2F7b4542164a8dB115913c2ECe0ba4A8a492b12B": 365.7159581481844,
    "0x2f7D94c0EbF16dDc38adC42Dfc70a232dC9e4a3a": 335.0,
    "0x313A128e8D3Bb639B392DcC19432021eEdBa6C55": 521.2546,
    "0x389b8Bd4FAc72ff9Aa5fD888a4B3283Ac4c14b28": 5090.36,
    "0x3a1711bce829e721c83A20dD05DEe70B8A4Bb644": 6901.88,
    "0x4d656779C884FDD1C406461185E302E40C533F20": 1014.2762766527602,
    "0x4dD6720D2Bb8721A46bdF9a528704164578E03B9": 2000.6696880212437,
    "0x54C449Dda111E2913Ee6dEF4DA1c88d7D35b57BE": 4503.907736302511,
    "0x717a9221e3AB144a21C5338907ee76058E508f2B": 2952.299,
    "0x8a576B449Dd5b0745DAc5e1083AfA4e5036Afd49": 1900.0,
    "0xC857E7167FC7a3aC3F45ba8b80C0cbBE6D3C2b21": 1502.5,
    "0xE434bd49e491819366fC5a679E83df459e67302f": 50.0,
    "0xEa115813D4a97D365903F611A8697BB05EC00795": 103.9213,
    "0xF979A3eD486c7BB5b29fe2e6E4aCb76bC1448a02": 588.0,
    "0xa12D205D2b2aEf73089Ec2B8bD700789489742c4": 6500.0,
    "0xa7A3C323931cd92eE1cAcA89CA7D51B9D538ed06": 950.0,
    "0xdb6b182bB205F3B20AcDDdE8E3FB64a1224d6772": 1004.2628084300428,
    "0x0B2677f1dB50a327a72E8dC7c748886ECD90870f": 5000.0,
    "0x134fc9C075Cd7567e4844f21660316CAe8DcbD73": 952.0,
    "0x211E6fB9bFF54E10E3EBc09876027fe349Bb106e": 5584.0,
    "0x28f074b14088491029Bd977A730979C11aBab2c6": 1321.27,
    "0x3e643341c24F7E2212016cD8932B08C961b3694e": 11535.958077182577,
    "0x6528f9006d5845e876576040f4319524C54c2ad8": 1385.82,
    "0x7B60440260b91A98F7b760c17795C5FF2dba094d": 16093.0,
    "0x7be2F9C131700Bed1f1C51d412B5a503Eb85b06C": 2126.28,
    "0x816C98D83E0d6c1Bee19D8EC3B059ECaCB764132": 952.0,
    "0x8CBE077015B0eEb29f89746e2DD43EB38FAf070A": 1939.897,
    "0xA2dCB52F5cF34a84A2eBFb7D937f7051ae4C697B": 663.2052,
    "0xBa67cB850668EbDC213359e1ACdB96687717E200": 8000.525411430364,
    "0xE57d640ab3D55f6037b60aE5424e5B2d306783c3": 371.3748011353306,
    "0xa73018C8c64D8b58f692da632255C8ac907C8d58": 1230.0,
    "0xaC1caEDcE59C216bcEDE9918A937C76933A38373": 951.0,
    "0xb577dFca930c6639D0a18BfF708D2F65ed24fF0e": 1250.0,
    "0xd327d595074d607A7A45A437F6C1eE2144B731E4": 3128.7789,
    "0xe03C71d9F4b2ccf8026b495CC01F3763b66F4cB6": 1201.0,
    "0xeD277Fefcd72c738D185BF404fc5CfdD6B0dA70F": 1300.0,
    "0xfC980C92208D954A64B04244A84C99d17cCb0d8C": 2441.6838119257827,
    "0x0835cF218Cbc2c81317aE4360a524Ca9473ce62c": 1037.69,
    "0x0b402B3e1336d8E0f84d7333622E87617b254F11": 661.389,
    "0x3673348670DE83fb61F65bF4eDA6270E92c41C60": 2500.0,
    "0x3694995Fbc41299f719F7BdAE6aCcDc6D5c78574": 110.0,
    "0x45462D2b13c7791c12f98C13921dE695E660b221": 575.0,
    "0x984c5d268B220784E87fbe8EDbb5C6b9F7ba9Fc4": 26161.47057,
    "0xfd7d1b7d8644F32b57c2736C9557240dD5e05475": 11530.0,
    "0x5EA9835945f404FB9F1C753A9EABDFB739Db714C": 12000
}