{
    "0x0B6E3a17E4Ef968d7690e24386665C27C4F12100": 258.0,
    "0x25492833C6Cf42299f91e1640094D96D63EDa07C": 6707.0,
    "0x2e4a67F51cB31E68454bBac1c17b123dC518d29C": 17010.0,
    "0x40Cde7747D967E0dF140e69037E69E5BaB588009": 1208.457489,
    "0x4471E943482ad34a8C1e47fA2f0F68b7506e5348": 1003.625154,
    "0x4Ec87DA8A9EB1179B90D17beE3ACE9fdf05030DA": 1003.609408,
    "0x52EC8aB0FBD0Beb37d076b8eA2bd2c3D4ab11525": 51.0,
    "0x56Cb74b86E856dcD3bB046DB148E3CabdE8a48cd": 1068.0,
    "0x7c608B36F8A0Aa5dcd610fBf188C189Fd27A1fdc": 624.736964,
    "0x82620BaCa7ea7E7D1934eaf9814fef88B63efc25": 250.5101186,
    "0x82DDEedc3fED36b418A4a49E1F1f7cB87429269b": 902.754,
    "0x8900612485De7cCFa8ba99cC88701617aCB7f3B2": 50.0,
    "0x8Bc0Fc5b31Fa30266a3dd81753bE66EE4B62A7f9": 2029.905285,
    "0xB2256022797Be8F92C3d946097769Bfa9e572316": 82.367575,
    "0xC4970AA1aa25DCb8f226119A7B8cd12ADCB7381C": 2996.0112289999997,
    "0xCcAc11D20D8f1FedC678ddd14BEDc2b76aEe0E56": 463.56,
    "0xD9c33e32c7dB8D97521b14eC918c8598115635dC": 505.0,
    "0xE540C45C504b348aD4D6eB9344e6CFA07C959BE6": 1000.657,
    "0xEAEEceA3535052d3FE965542c05256ec78fDC465": 302.38,
    "0xF63A899d5909a88cb8FeDd636c0190a81990D0a8": 534.430572,
    "0xcbfd1e4a42D629B0a7Ca38028b24dA3C838b8193": 251.46,
    "0xe43FDc37EF1f64dffc0026BAbf2387D70e6E6dBe": 3142.331453,
    "0x0413676976dE330b4971D1F2a979BB7456545D53": 50.0,
    "0x0eF11Cf06b88b664b27535fe858dd37ab4FA2E52": 1338.91275,
    "0x12aBE44cA3698A5D94D83645C8424052aEc19471": 1690.0,
    "0x19775E1817BC7a1e41060F80E0d00EabAE2959A7": 1251.0,
    "0x21B9589Ac8E42F948609d54B466cfaa0E8AdF0eD": 983.0,
    "0x32ca0A78d8Fb4A59703Dd88d26E402e59F46F805": 5000.0,
    "0x345fa4f148bfdcA72AD3590f7986c537e8067Ea3": 5000.0,
    "0x37b7116cf75cdD38a8673E6E8DB02920fE7FAa1C": 115.4153704,
    "0x4164a39DAbCb13C555Bd795a64c59a2b31FEBc9e": 620.0591554,
    "0x47bE2D5a6342006AD489E29e71E1Cb30ABd1A941": 1500.498654,
    "0x894133dB600301a70fd69B200461b5bf027d7822": 777.57,
    "0x8e11972E2D76b8fAe1e6c4198DC36c668db75BB1": 300.0,
    "0x96cc7cD6De2F739A18d9914015a6eaBbd6cDB6e3": 2.0,
    "0xAa3e3Bf3393be08cCa5Ba08d19c2028894C80277": 590.437,
    "0xB9188EC6b449230D8e164e6AaD79fD34EDabbbdb": 4796.0983,
    "0xCfB394E5cc424CD2383bE2C2F9E3193E074a4F9D": 124.835471,
    "0xD55B6e831e086f10aFA34d68674bdefe08eF9Ffa": 857.0,
    "0xDb39103E6a1eb17d8FF5ce79c36861163AaCCF79": 1518.854499,
    "0xF4F2D8BB321D3aCA51BDb146BB01F3C5399A6870": 1046.053227,
    "0xFFec801e9f65A54e3E10e99B31D119A7434103eC": 4336.757,
    "0xFfeB2BF0f49C1A8853d6ea7f2952C032b2D2b3B9": 382.473567,
    "0xa6ed26749Cb54591291B4550a82f15FF64ae98D9": 12700.0,
    "0xac6A0Bc078F2BE4dAcEF5984De5664172dd846De": 20067.0,
    "0xcB938bBED7789EE8AAbd259a8cb789aa3500bbf3": 1750.0,
    "0x06E88f863518b1E9eABE43EC81d27deF7a27F26a": 300.0,
    "0x080182970F8cf8EBfd7Db1d359Fb81d32680208b": 3.0,
    "0x147DCaE893B73d19d4d0e4054208D3a35dF03f6b": 599.9965118,
    "0x1CC6C272B28E91E5cd6F9d2629b20bBd3279A84D": 23692.29,
    "0x1a245Fa866932731631E1ec8EDcDbB0C6A402559": 5852.663592,
    "0x24367230CbF6eda8fA35773F07dBbC2B3214b851": 2588.98,
    "0x31044Aa77eE5C99e5e35152884eF53b42Fcd76fC": 1005.0,
    "0x53F32eC6B60Db98F42Ee1Ce05c7975Bf9Be52C5c": 250.0,
    "0x544035d1624A71589635b9997D621462615B8967": 400.0,
    "0x624DEae333AA3E1eFF645cfd258Cc1E409F20585": 750.0,
    "0x72FEcb76a39536F6851cb53deAE03e66CF3a8d4A": 100.8376971,
    "0x771e2dBd34D17D30b5D324B43d4C32968513164C": 7119.731084,
    "0x99B3e0fD67df7E57E377F1A46F2B1915196a844a": 729.5553693,
    "0x9b01419490DC00124fDce3a2F9688Bbf09af3776": 1007.608838,
    "0x9c37b1E0c2aF0C5A8BC4BA129E82Bff6681CFdeb": 1250.0005,
    "0x9f4AaD857799731C44CCe345ee39a5639472904C": 1.0,
    "0xB632619Dd73db082Df23d7E8D5bEd09b63E31417": 100.0,
    "0xCA19509388d5a40e42398F2FbE28c35a3147cA07": 991.0,
    "0xb226eFF9Be0F679CfB703626C911113513B63bd4": 1500.0,
    "0xd554ff20B3716FDE0Bb9b334CdEd4D7c04e5E47d": 604.8220532,
    "0xd6ADa483Adf625172368744E2DD23829C20fA9AC": 80.93833268,
    "0xeD420F5F00186Fa868aFF815f9f5725BE1CAdc6d": 1995.0,
    "0xf26E13E518e2C499874D1D6E18ef30b7DA0F6198": 1085.97,
    "0xf5CD2627f856c2De16Ccb2d59143dA8D9d9F0093": 301.66,
    "0x035DF91Bfb4DB748b50e29c86ceEFb97e2B8FD63": 4000.0,
    "0x19E6beDB806C30202c06454c11E568Ba084aeBee": 403.87,
    "0x239DAe7f59a24fF2BC188235a38f9650c823AD3d": 250.6025687,
    "0x33b8DBFcd046cEf86806a83007a5B2f810Ea4473": 6334.3,
    "0x35175803173A529FFf3b3a369e829cF9129d069E": 645.2126825,
    "0x3731696c9b5098beaCf8DD03aC00c30bbA979806": 1226.145989,
    "0x3D42C725d9cBf782d1476cC704E7500f0cf58D8d": 1354.648223,
    "0x576CFC154DE79c58Dcafd17D87C3BC0DE2e26513": 84.91727818,
    "0x6310092D05477E1665C12Ea981f3D3d5D0532fb7": 351.0754962,
    "0x67ee257E82d2835A278981653B971798f396bf96": 90000.0,
    "0x81d3B09Aac3C68C6fF687C4318D6Ea89223F2A8d": 3253.29,
    "0x86576fa445Fa507338f7c16CBC773500db8cc562": 920.0,
    "0x86C14aE4C7C22534D361c6790aBb5FCcE12453fB": 1223.98,
    "0xB86d0cabde482046E546856f54fAa82fa50caeF1": 350.7195,
    "0xE38C5fA37006B4Cc9Ff0f7054d902922307488D3": 600.0,
    "0xED07099f72FcD570f0E5A5b81719553eB986294F": 250.0,
    "0xF6CC674930985eDEFcd56a30Da522C327039D037": 5002.0,
    "0xa919538CeAb5c64608945865835dbC10540feB1D": 10265.47,
    "0xaA638A5426ad0904Cc52E161B4A4832168eb9D40": 5008.006717,
    "0xb2D0f56d4FdCe2d712b0CE11d4D25626bC6dE569": 3001.8598,
    "0xbC979E5AFD9D2e4f8eC00ed0E0fa2240cEb1819a": 338.3207879,
    "0xd5333942b405101a3B789d86440A41B7D3C9e71b": 16399.29584,
    "0xde8Ba4A9B09D75B5F7d571daCCD7cB459C143DF3": 250.0,
    "0x4D061713f112100Fbda4C7d4D8e82000AD90267C": 1111.6,
    "0x4d45A446F012dB2207103D954B143382B3d47E9d": 100.0,
    "0x83FAad862Fb2cD3aA828F7A795f3f559dF0baDD4": 1285.92,
    "0x8A597656A254c81B8841eeB36f42305185853fFd": 1996.74351,
    "0x8ee5246a2668104302278Bf77481666260BC1751": 4.0,
    "0xA38F0392853e37963f8F60F80d8661aC79214A81": 11300.0,
    "0xD7F4AFEdD1a47b016ba122920A7E9C3AC2Bb810d": 101.23,
    "0xE89546063D995dFC96D719e4FF533e82A02dBb88": 9000.0,
    "0xF1a0B22EBEaDEa98B15Acfa219e223951799F910": 5.0,
    "0xFa1Cd8e8c23b50B45C04C35501bbFeeaF4deB3ab": 100.0
}