{
    "0x259F962e77262eE8d97cc6a112D0E0321323ea0d": 6550.0,
    "0x5e40F7f37338a21d087B6745d8F26fBD9b19F049": 5432.0,
    "0x6e312cF46084F5Fc30b8E9c88c3D07408dd63020": 866.3358477447478,
    "0x76d7384B59F1a58c1CCe247d2E52751DCe4eEd21": 14544.0,
    "0xCc54DD4f4D079524A1C417bC2E2c2530179c6337": 733.0,
    "0xaB61914D7CEEf1090A5538D5C0098c64CbeC37B9": 8578.16,
    "0x1bB26A07ddb835Ff3A23ed584c68AF2629D8f2aE": 2299.3701276019315,
    "0x2035F3Fb95080B4922964371133eBa1fE7D4CB2B": 100.0,
    "0x31110Fadb4401Fad566606905C03D9dAf3C87ce2": 483.77,
    "0x3745A051dF3bA173a0b76Dc1af2491D18D3eD986": 746.0,
    "0x388618D30Aa74b69956880032B2a8c8aAa7f6417": 253.0,
    "0x39bbb8c321fdF88804C4f82487cb91115F1eC780": 19159.105247126616,
    "0x44051AD7FdA9Ae27bCB397AC753678D0753aE16D": 400.322,
    "0x4EEfB5A30eD2B43D4D84099f92A9b6Fac943B58f": 293.82,
    "0x662deCcbc86b30D846E251cCde1A72C1f80483Cd": 547.9344177688391,
    "0x6e8231A42D9952238D1c7F8EBF8EB9e35d74867a": 101.02341050643996,
    "0x72590bDd8C9Cc95858854beB825F11376cdf0A7A": 200.0,
    "0x7888A2D566B31d143D57e113Fd65305a83480C37": 249.0,
    "0x7d1484181e6c382BC56E97a234987d78b9226d66": 299.999,
    "0x8B9CE9E09283166d1056c4A8cd76362C642145BE": 412.494,
    "0x91011DD84fBD8a3e2c41505Cdc5c3fb359521c18": 50.0,
    "0x943a445cF8128Ab27f7745B8ee6dFFAE6c9Fe61e": 500.0,
    "0x952b7237E985B673a587D58B0Aa2756f09c1B038": 1071.0,
    "0x99205da5A4664CdCD9995Db492297F95fc59d120": 300.0,
    "0xA782862589E5e353Bd450dF556354AdEe13B3388": 264.0,
    "0xC81a77D1F0785ea0788DD4F6266C8C3Ae886dee3": 4740.0,
    "0xDEcBF5b0423e46cC1015d729D0574Da2C27feBe0": 253.89701399072425,
    "0xb02268Fa64174635E5bC1c9a94A64B9Ef107293f": 76.14,
    "0x03207642567238310Ba8EF2Cb7eBa0Ae8d2ABe84": 572.2068,
    "0x05e5d6C658D40bbE0857f5826081a5799b08DE32": 10148.3057026376,
    "0x079e117238De1f75B00ad2bE5F181635a5206210": 2500.0,
    "0x270A0De48967E60a419B872807A2A749D1E95fd2": 501.480406030097,
    "0x397E378287F2aAE2EabCAE5438d35AcBce8CD038": 1199.624712323059,
    "0x3f73561DbeD168D1760920e6191Fa2AA2b563269": 1580.015489534,
    "0x442bee95D7FeA5217431a02A0df4D10Bb1e85e68": 5068.6826,
    "0x4f941E5Da657375e75d6d92852431CC7bE3EF7A8": 2708.763537558835,
    "0x5ACe64072c3B943d5901137543798Cf2C6871B09": 496.34,
    "0x5a1870d746C45A8c66db40A6Faf3DbfdD0378EbB": 1000.0,
    "0x6deE014F4164718f529feA368C0cC1d3798ceaE8": 2007.76,
    "0x716aa2eAd00881360f7Ea6876B91Ee629Fff5bA8": 804.0,
    "0x795f0097a82C0F4A46b3e5Fd64E5d2aF1e148290": 3002.8852354710784,
    "0x8277ba1481D2dFADb86d9002D123F81967215186": 2024.0,
    "0xBa67cB850668EbDC213359e1ACdB96687717E200": 2863.638,
    "0xD52deC06a8452A1B81306a84F585Dd2e25EcaF1b": 772.2,
    "0xE60E63Dae09bd69718AEE26F2603dc0B5d1E01Fa": 600.0,
    "0xF6193AB4d4bD0a2aC34B31dBe11a5b0017535a20": 400.0,
    "0xa10D89d792378e651e67899ad7600e9f7e3Eb429": 1597.3182595156115,
    "0xa3E7457240F0B624A5565D49f049de7eAcC40483": 1232.91,
    "0xd42BEB9bc73D808F8C97211B225326Ea6D9f654B": 414.0,
    "0xffDB6D24cc42455b11cF4aB9B688fb8b357D9fC5": 500.0
}