{
  "0xF3c6F5F265F503f53EAD8aae90FC257A5aa49AC1": 818.305225342683256924,
  "0xB9CcDD7Bedb7157798e10Ff06C7F10e0F37C6BdD": 2.0000009,
  "0xe59E4eE31DC8A37BB2E93a99B5715b6295DFe108": 1267.927533432315949929,
  "0x37595dfCf69F7CFDEFf8C611e00c380e33db536B": 0.0004430317504992
}
