{
    "0x0Ed67dAaacf97acF041cc65f04A632a8811347fF": 2000.0,
    "0x17a152D07cf496E51b2B4A1D69Bc5AF2feD9C52c": 305.63233501847895,
    "0x1D85ddEB7F73c33802D4e2545Ee65a579781e0b6": 604.9200000000001,
    "0x1a07f6cfe878d07C1E72371cec74D5981A1C9Ad4": 305.0,
    "0x1cD5470Dc00DCB3588727fA3d21c6C023658b377": 1788.2932381311984,
    "0x2a9f215F6156BB7a6C46C746C765e7f92464cdC9": 335.89621982916066,
    "0x49E4950EC4d9D00D5518D1595b899977e25B3991": 125.26822718717484,
    "0x4b00307059B7d881bB8A7dB7505196172d9d01fd": 418.9315271367973,
    "0x56e92a7cAFC83791089191b5136dC26168cB575a": 954.0,
    "0x59ebD62953cB129e050DF2702DC8B926d1cA7D6C": 500.057,
    "0xB1C6dc864459E37Cb997457556363083158D3bF2": 1330.0,
    "0xEf6dbA3Eb53f9DEc8925eD7423735344173d4023": 303.09257,
    "0xafeAF8EDAe10c63D0575738A3c42736ACdcAeEa3": 108.40547155008916,
    "0xcDb2E1fe2F4613b00395Cc23f1819b912569fa1b": 18927.899999999998,
    "0xf5994cDc21f0c4728629a6248dF0B67313b0dD45": 10504.947384200354,
    "0x020891d1E23Ab9a8A5cDC6dEf299761c5AEE0B22": 5002.33,
    "0x04e19EED5Fd3f2402f0F7E95425c498F4C62D02e": 250.0,
    "0x14Ff0Bc9417B6796f79768729002A793b51205B8": 1251.1016752001888,
    "0x1b3FA51fAf16CD79Ccb8A79400379bc19974c103": 250.0,
    "0x1cCda49c087AA393c9B1AC606b3035385b7089D1": 106.43779,
    "0x27d98AB2dd2255F7066005f64895d37c16E7f6b9": 1051.82,
    "0x2D7B356cc7aE278C50918EE0cb95ABE3Ec56452E": 2220.0,
    "0x42e261D64095C1586b4fd9669c4fC845D17df521": 60.0,
    "0x5046c5EFFa4a52Bc6190DF3AD5bA17358a43dc19": 610.0,
    "0x6af2f5A712650Fdfb828401b878171A8c4ea38c4": 51.46125915639666,
    "0x712f8a9EA6341df8C6fA528419eA767A1bB92f61": 3000.14,
    "0x7831DDfff2beeFE3428230d65A7231b93F3553cD": 295.4461504601055,
    "0x7BCBDf34D07213060B0bb31EB7962e8d4B85D780": 250.0,
    "0x82f38a4cd3C327578656ca7052892Db84d266c9f": 1572.6909761123147,
    "0x86382d5D6c361f23a386521894e61895f60C3698": 404.01789878699987,
    "0x962D94F0d4162743963545c6c0131f119F4403Ce": 120.2,
    "0xB9D3D15205a785FE492EE63E26e2ACB9131BD05b": 1193.553568613963,
    "0xC81a77D1F0785ea0788DD4F6266C8C3Ae886dee3": 16730.0,
    "0xF525DcfbF05F1Cd29aB85fEFb1D25EBa5E4819Ed": 154.88,
    "0xb02Fe8Ce7ed1EDB018611FD0f7DC983028a5E41f": 5373.464318083936,
    "0xd4388e6c9274AdE042b33f5b863b1303ce090E3D": 250.0,
    "0xe1b0c6E86ce13fCde1cD2faa7E2cb2098fe4740E": 363.679,
    "0x005D15505Cfc7c1C7B97D4Fd7627687a3378bf76": 10.0,
    "0x450FfFcdCCA801488ac805f2BBb30e0447AEf746": 5522.433599140151,
    "0x57A55C35831798027E66C352Bd713b55Dfffa960": 1483.0,
    "0x822fA5ebE2253D714efA2b30DbeB7D213D0F5eDc": 864.51,
    "0x94ec4c9bB7BaDF941092CefD9ccc0Fb6DD4EACE1": 250.4,
    "0x961dFd9168aA44Cfc0b7E34fFf815848eAA7C578": 252.47242911898817,
    "0x971CDd31accFCff7f1Dcdef7B6c813279E364378": 1250.0,
    "0x97F1d15789De2db9eBC59895023B420aF33BAd96": 50.39752669357671,
    "0x9BCc3400a3a8d9db9F601E2a65E43042F6aD8Ba5": 1264.58,
    "0x9C1277FbC2cBb75DFAfF868F16b21cAfF057acAE": 507.9127140818,
    "0xA45E27C5B982591C8E6d510d3BA70bb815D42dFb": 251.89,
    "0xBC8E2e64631B8887Ee5aFDA9e3008cA194958b9F": 251.01,
    "0xBc6507FF5cF29e6B38Dd5789a8167345Aa333853": 209.42,
    "0xC6Ff5b8B21DE2a230bd626f128C1e39Ec56311e7": 818.1596549840439,
    "0xDDd99beca9F7DAA4BDa89117259C9D3584f31E0a": 16668.0,
    "0xEb8cFb283c51B37E415dea27A5fecFDc06303efa": 502.0466062416301,
    "0xa8Aa913e78513e9B9dC3f008C656b6b983239bEc": 300.5,
    "0xaa089eAE69704D383794139318E76b28FDFD8b41": 553.5752960848689,
    "0xc46A64972357401959046A7341f65D832588dd3D": 300.0,
    "0xfe2f1f2780BAe8af43638CCfDC2b0D09E37D3740": 1000.0,
    "0x01e7C1D1aD002D5AFc80b7bf5B7bB487702A228C": 214.105,
    "0x03Df831a616BE8421144B15d34F324453f251541": 651.2,
    "0x03bB69Cf296C834B97b6D64153fC2c0D3CEcE0B9": 697.7186559231592,
    "0x135eD30F0c95c7EC6Cf90f5A5033F2081EE9B174": 610.237,
    "0x2f6E0Cf068E9A97d41E7fB312eD0238069CbD3dE": 250.0,
    "0x32283342cb0Ed16a62E056d8Ca3764f682AEACDD": 301.0397595348319,
    "0x461462fc0A8c05FfB5B5Fe2e82B3a3aB292DB23A": 4300.00139,
    "0x4aFC7288331F37B1C8e7D6BA88E8a1DAA284D631": 1850.759631993621,
    "0x6e523ec8bC51FA27fd8157E4255B03560e0a191b": 560.356,
    "0x75aDacA2a2031BF69cB3077B2861e0913B95D980": 3002.701812539626,
    "0x77F8D21E739Dd90083122a97f2cD9987e791E605": 252.015481741,
    "0x7a0E589c01c79BE0FB53efE88F5bbBD7baB9EeCa": 250.0,
    "0x80386279ed4da5f47dcf5D39Fc0Aa96634FCAc4a": 400.2,
    "0x835649A4Ad9C806405B03e39BFCd02D6e81B408F": 327.5255,
    "0xA18334BFf82F71040bBE4668EDD6aba861478E0c": 847.644173443854,
    "0xAC84A992f96e94143F1dF6a613Feefd2E6A98Ca1": 49.705888497837,
    "0xB3218d61Fdda1927F761C4bFD62B131B9e638C66": 500.0,
    "0xBb4Ca4835637187bb96D603266717b193ebF1c07": 249.999,
    "0xa96c4007bdc9048726B1Da6dF8b319DB00CCB05d": 50.0,
    "0xba5b0827556dc36fefE521b9A89f7c007dCbb7cF": 251.0,
    "0xc51a3EbF353f9b9f71F6Aae6c3716e66BB21F0f7": 297.0,
    "0x077018a17317d8D5D761AcbC2D33E32D15eBb916": 1769.0272184365674,
    "0x4FE63b21f4446099178F2163C566e821C833fdB1": 110.0,
    "0x54AB6D2077cD74d73f736A1B7bB24b0fA5D916b8": 1251.0,
    "0x5c8100bf9a03440834367492292Df89aad008699": 150.0,
    "0x76cBcc245D3D16d526c2708DFcCcB1d4ad3B3dAc": 300.0,
    "0x89450dAd63f537Dfd26B660C1C4EF478B25E9c8F": 190.2107614338265,
    "0x8a1a941eAFEE8dA07096862E7C17caF24E485592": 616.4552343,
    "0x8fa48220B8f6140Ca29F1CF532f6e79835b2aBe2": 671.6775,
    "0x9108f9F2692c29e253a08EE4D166134BDAA85597": 250.0,
    "0x93841775526D75AE0C35EcF9FB2dc36d562cAF15": 152.36021847690802,
    "0x9C7C22CA1eF5aB86F69A164e0BC570051a9C0891": 799.835490113301,
    "0x9ab6C46515250d9469E2957D35d463a75515e101": 875.8754562243436,
    "0xB2e4850786cB3546ac5fE67F3BED4b6De0b2898C": 62.693208544613945,
    "0xC0c41A90E838cDbF43798b4cCAA19D2D46CE97f6": 250.0,
    "0xD2506596f4cC2C4DdfCD9293fD0da82decC17Bec": 249.5131554364,
    "0xD5Ec78C2d4CB7D81AC002A67e2A918f4dF9b01c5": 250.0,
    "0xD8bD4ADC965016b88Bd426c0bf6a63f11e6d2854": 44.69244614778538,
    "0xFbA17AcA0797f72Bd8152c5E519100c0C4Caf0AD": 500.0,
    "0xaCf2c254a3c48b43eFe34BfA6416f533AE017129": 1002.0,
    "0xc205125419a346408476Bb332ddBF85Ec89b1bDa": 106.5569,
    "0xc9de8145637Ac6FE610712ae4d3bACD2e045A161": 36.648852149095056,
    "0xdd4536F67079E52337E3b780105E2a8c18F8121e": 2413.489283171122,
    "0xf96C010B262f77E5cc04b05E9d66E66c9487A4c8": 401.008856,
    "0x0CB3a05981366a2734e9BB4C6738C367f8E26de4": 250.0,
    "0x2466915408aC1309d630F57fDbe27e09FEAd1062": 338.750052,
    "0x2a18f5c0dff157B52396eda0EB4aD6a69Fabd504": 2003.7,
    "0x3bD3C3d25f06A6D418BcD9b7fFa165D9C7F71fDa": 800.0,
    "0x4843f493D5d482ed22c33bE812bac66C81DF3b3D": 27.277460896533984,
    "0x4aD8cDb06C0e07B2575343D769B0Ef9CC5e85a5A": 1719.5,
    "0x7127D2bF9dc393FB15Bd5CDb04Fd8F00E04bb7f0": 50.0,
    "0x833F173A7e05868F808d3eF6b60ef3B159D449CE": 299.0,
    "0x8540081Da57F07Be8566D08AE01eEaf70d8a8574": 216.269,
    "0x917E0E0bAf185fF00163120dD9e1422a371A38C8": 1000.68,
    "0x999f1697b2175f66d364819aa7Af2E77E62D3630": 147.5,
    "0xA09a4e0f859Fa3Ea48C9132A973ad39607Fe9A87": 1268.25,
    "0xC4abBC0B2844ab76e3db900eB96Eee88a78F9500": 1029.0,
    "0xCf683BE9499c48d316444a8696742b53CDB5DBF5": 1003.687,
    "0xD03270f2B2F6Eec2Cc2d94b59d8B560f8990220E": 2304.57,
    "0xc7e75f3d26A428F6A337d468BB420E87ffDd7156": 250.0,
    "0xdfD28873B66D906EC8dc6067F2fd7189e8b05414": 429.8704295981265,
    "0xe241205A6dE39A25cc557eB3aaB0Bb6A3d538C11": 292.4606614843582,
    "0xf7E1874e96535dCf8E8E915aAcaEaf40f8b038f6": 2955.4846047893043,
    "0x168Af05f5b8c88e4ceB8C6c0ee9A86db05583eE9": 600.0,
    "0x1a21707dac3C86f90F0dA88211ecF5b083dB8E50": 269.81167240315153,
    "0x2137dCcEd98C0f43956D8233f901B06a6C5b721b": 2500.0,
    "0x2207F538e61e058d4366B9B7273DCCD27a7078a7": 1140.721455250771,
    "0x29B7C019a367059B258170D8E448542E794Ed2A5": 1000.0,
    "0x50414B85E1F59beE5639B2d0ff9eAd3695079FDe": 1613.0,
    "0x572656eBeFe12a2d11A4Cd4EDd11032dCD7Ae7B8": 3803.0,
    "0x678aBC4F0e7519937bd79f6cD954007fA097Ac24": 252.4845345919983,