{
    "0x259F962e77262eE8d97cc6a112D0E0321323ea0d": 6550.0,
    "0x6e312cF46084F5Fc30b8E9c88c3D07408dd63020": 866.3358477447478,
    "0xaB61914D7CEEf1090A5538D5C0098c64CbeC37B9": 8578.16,
    "0x1bB26A07ddb835Ff3A23ed584c68AF2629D8f2aE": 2299.3701276019315,
    "0x2035F3Fb95080B4922964371133eBa1fE7D4CB2B": 100.0,
    "0x31110Fadb4401Fad566606905C03D9dAf3C87ce2": 483.77,
    "0x4EEfB5A30eD2B43D4D84099f92A9b6Fac943B58f": 293.82,
    "0x662deCcbc86b30D846E251cCde1A72C1f80483Cd": 547.9344177688391,
    "0x7888A2D566B31d143D57e113Fd65305a83480C37": 249.0,
    "0x7d1484181e6c382BC56E97a234987d78b9226d66": 299.999,
    "0x8B9CE9E09283166d1056c4A8cd76362C642145BE": 412.494,
    "0x91011DD84fBD8a3e2c41505Cdc5c3fb359521c18": 50.0,
    "0x943a445cF8128Ab27f7745B8ee6dFFAE6c9Fe61e": 500.0,
    "0x99205da5A4664CdCD9995Db492297F95fc59d120": 300.0,
    "0xA782862589E5e353Bd450dF556354AdEe13B3388": 264.0,
    "0xDEcBF5b0423e46cC1015d729D0574Da2C27feBe0": 253.89701399072425,
    "0xb02268Fa64174635E5bC1c9a94A64B9Ef107293f": 76.14,
    "0x05e5d6C658D40bbE0857f5826081a5799b08DE32": 5074.1528513188,
    "0x079e117238De1f75B00ad2bE5F181635a5206210": 1250.0,
    "0x3f73561DbeD168D1760920e6191Fa2AA2b563269": 790.007744767,
    "0x442bee95D7FeA5217431a02A0df4D10Bb1e85e68": 2534.3413,
    "0x6deE014F4164718f529feA368C0cC1d3798ceaE8": 1003.88,
    "0x716aa2eAd00881360f7Ea6876B91Ee629Fff5bA8": 402.0,
    "0xD52deC06a8452A1B81306a84F585Dd2e25EcaF1b": 386.1,
    "0xE60E63Dae09bd69718AEE26F2603dc0B5d1E01Fa": 300.0,
    "0x2713247fB6b3C911a2776CB037820F8AC8164a7C": 1150.2965833236003,
    "0x2A9E25FAaB76c6b3cB5134973321f8Fe9350BEF9": 1447.876457569488,
    "0x6f46ee35c7ccC4C27a31b3d9caEaA7516895aC40": 2003.57465,
    "0x99D3C91d7Ab1e622dE429d01572BD072bf75eC87": 1402.707,
    "0xA0fAA58e05F32D11637005f342b58f2f3E30Ffb8": 2797.6,
    "0xB9344ae5134A0dF27cB8D016eaB297Cb37E22cD8": 1250.0,
    "0xBa67cB850668EbDC213359e1ACdB96687717E200": 738.8171361499999,
    "0xC229eaB0B6D74E9D8BE4CCF4b22FBC7a46DCaE78": 334.66046932340083,
    "0xf15083A3124F4FBF61724b59CFFaADe13C3d5F85": 501.24544
}