BlockNo,From,Quantity
38766778,0x05e5d6C658D40bbE0857f5826081a5799b08DE32,5074.1528513188
38766295,0xD52deC06a8452A1B81306a84F585Dd2e25EcaF1b,386.1
38745705,0x6deE014F4164718f529feA368C0cC1d3798ceaE8,993.88
38736359,0x442bee95D7FeA5217431a02A0df4D10Bb1e85e68,2534.3413
38726288,0x3f73561DbeD168D1760920e6191Fa2AA2b563269,790.007744767
38725887,0x079e117238De1f75B00ad2bE5F181635a5206210,1250
38723449,0x716aa2eAd00881360f7Ea6876B91Ee629Fff5bA8,402
38720333,0xE60E63Dae09bd69718AEE26F2603dc0B5d1E01Fa,300
38710431,0x6deE014F4164718f529feA368C0cC1d3798ceaE8,10