{
    "0x0c1B1143d6A2c729A11C14F26d493C6159cE76f5": 15.93871195,
    "0x1bc9ecfB3d3CaBFa96c0BB948AEd0304496580b5": 1001.0,
    "0x372A16e8c538666e333D33A6D5cDaA0d76a4057e": 1299.8577,
    "0x6478EcBcCB845970cF5652ce6fFbaC9Df81747E2": 7358.81,
    "0xBa050B96B369d66a7C506E4E13831b861C15208D": 1461.4113286,
    "0xDC1f22F1C2F671FEfA88aFE4e4f28ca7acdB8F77": 600.1453435999999,
    "0xE356fe28B7B6B015a3b2BB4419dBdF2777d7420B": 500.0,
    "0xF07FBBB43ef300a4b6811146480C773757721FD1": 1143.64,
    "0xb67D131a75c0fAF8f90CA967e20f29faDD02DDA3": 319.31,
    "0xe63E7c1055aEf17d89C11E4317D5Bc602d71f33f": 1703.20674219,
    "0x18B1A22a6F07c8E1C424571A26A911A2FF1f7e7B": 1250.0,
    "0x18e5cefCBd90C57D25ae0EA490B65Bbff5DdE0BE": 1998.0,
    "0x1ffd84Bf9Ffc34122402F2e90F56A2D9B45686f0": 3715.210933,
    "0x3493EC84eb5e4f429F4d498B78FA0B61EC2F4639": 100.97,
    "0x4c88733674C4090e069DF20BE76d23C34C2bc096": 990.0,
    "0x6C7ce82710166E5e7F18b5fF9F62097625a1EeC4": 256.0,
    "0x710AD656c7375e8A42afdC7484e87f2F50Bb389b": 200.06,
    "0x7Bdf0F2BefFab096ef9ABa608Aa0AA16220AA474": 10.0,
    "0x7D7c199Ce9146a50C15786bf008DB40fE9A69989": 512.2149661,
    "0x7DA73972057D25eFC49Da9B6dCb919fA40655104": 50.0,
    "0xC089F0D12e51D5Ee66e40e3b5bc9f8Ae3dAC006e": 1000.0,
    "0xC81a77D1F0785ea0788DD4F6266C8C3Ae886dee3": 3853.0,
    "0xCfDA6ad10dFbb6ca75cb7fd0c7C33D87815C1a5f": 207.2365109,
    "0xEc745A8F066A8C5d900ae9CF2C9357B8c04335e8": 250.0,
    "0xF59bC20876B8c6001898D451B7BA4779a7458bFC": 3153.6856,
    "0xb95B65f211f64c274557010a0c534A946143E05B": 515.0,
    "0xcE2fe0f776C8714224F9Ce518E777367862d6658": 300.0,
    "0xdB64a7142D223E7eD153587D23F0e2E0DC0F8C73": 250.0045498,
    "0xe9F7e9Be43ABeD733dbaFB663F96e3e8c48d152f": 298.38201,
    "0xf05BF5Bd8fCd904A848052c2343d780Ed9179D37": 1500.0,
    "0xf15D2b4c6f9AeBAD2825e2536b714343191C2514": 100.392,
    "0xf717C04637471D28c689E5f05Fd1F76B819A2DA9": 1776.393,
    "0xf871E3815dF117819A73ac60CDaDF9844220a852": 1252.9348,
    "0xfec37209302Ab27EA564469D84c30e9D407e7835": 1023.0,
    "0x04197C405A7f63ae083dD74fd4124EFAd25D702B": 204.0,
    "0x096DC86E781a9311B37A4149EffABE2557fF13a5": 1902.075732,
    "0x0aeAde58cEff97123046118b2C561159B91aF1CD": 499.0,
    "0x159646F1986599bd74Ac4619C8f359D1B97a5F00": 300.0,
    "0x1FAd5377181E3988AA194d2eE8F4eE887DF85AC2": 150.0,
    "0x2f3B28ba96AbdAaAeEA73cF23807F1Db3E4D1e5f": 250.0,
    "0x38df5EaB959095F4589686f4D725c7d0a7ba8F75": 500.3904735,
    "0x482f69Fa922ae0E8b4a2eAc4D04bfd694a43b709": 1101.927903,
    "0x5018FA2754E1309AAfa81E9664e5f4F3066E0CC6": 150.0,
    "0x52d73946bc7aDB43b9524B21584533b58930Ee19": 502.885,
    "0x5B1053748E5ffB0930634A614657745Cc445c41C": 1571.111462,
    "0x5e9a6f41b08226Cba81C9A8B941060754aA74Bc5": 511.8176073749,
    "0x7B687aae77f59da3427666FAE4d5cB43E623BA3f": 500.0,
    "0x9B9Ec109f4D01134696A9270ba382e69D383232e": 1170.499269,
    "0xAF8F687FaC0312e393ad37f1D345157cD3904A31": 430.342,
    "0xBa67cB850668EbDC213359e1ACdB96687717E200": 3676.600994,
    "0xE06C1A71230126B56b63eA73E40d4Eb7fe86e711": 300.5315291,
    "0xF71b9e444a755060fe67Ec352963682462f6fDDA": 20.07,
    "0xF74ed4a5029dd60e478E793B3FAC7ff2b42633F7": 1250.26319,
    "0xbBa55352261007aF8ACBAAcA5F6e72E6F7E719BB": 56.0,
    "0xeD105bFA7943213c3A359b52d01f84430A87E5c5": 250.0,
    "0xed9D067599F6dAAe95c66ea7ea698c9E77C95bFC": 2433.59,
    "0x010dD4878c0850E24ec03473dC7bcAa0AaacFa9c": 2000.8,
    "0x0424e057c2D0bC7e58C75975AAF38BF1e598cd49": 1505.799923,
    "0x1484505F65Da8Da59b91Ee4e861e86C90f9DDFE1": 534.756533,
    "0x26cB8d62DC6a7433eaC523431AA55edD09daFe19": 252.0,
    "0x2fDaE8f8c93c00a010d2EF401ab9a17889C293Af": 1795.6,
    "0x3D42C725d9cBf782d1476cC704E7500f0cf58D8d": 1354.0,
    "0x43634D29B94268BaD0eB63d54E1C92362048D2Dc": 1002.91,
    "0x49B71B8E040301aB9da862916e90EeA69fC717d7": 340.4455,
    "0x4EFA29c10092D73e616c48A968F1B18944D78153": 270.085,
    "0x50ad382d3c950Be11CFc3B31Dd8e45eFDEB5332A": 1826.434105,
    "0x544834a2a9dc7f7299e0a59d48c3E4D0eab44bd6": 1000.0,
    "0x544bA118b8fF2de312B7A94791B8f500F9EE69F3": 242.462,
    "0x87f7f02b0FFDF7E87b5cCE22371600234CAc2B15": 251.0,
    "0x9d5531a034c125ac14f0780E6e99310739AD0B14": 10354.94424,
    "0xBA60283Db86f9fB7F16c03fD7a79355708739530": 1035.0,
    "0xE0Af755843c28264577D3f3650440e33B2888E0d": 157.6477,
    "0xF92D523a6B606655d943f89aAf5103ab834F8fb1": 1250.0,
    "0xFa54642d2227d3e2629F580507A8D318F5E3d48f": 259.0,
    "0xFe41a2A4997C7ab01eAe8D3533cf6ca7c5D832FC": 107.389,
    "0xa68EdC4C1850DDe9a178eF92291660d37B251e5D": 675.59,
    "0xa6Ca3c14495A3D2a6998db5bd98B853D421eb1Dd": 252.0,
    "0xf2be1fa1C0b8C2Dd5fC6A6A855Eec46D1037E2CD": 250.0,
    "0xf8f0a6224513d59f6d6f47C5D333966b05750597": 25.16,
    "0x2Da9BC35900C558d44f8790C01B1d3b9C538555A": 2000.0,
    "0x3Ab2EF1C5eD8D5479D38A32b36E7609a3bC48893": 1001.0,
    "0x3B9159B267a7852c82375670A2e1e07C513f6921": 1001.0,
    "0x3C0ccDfa2fD87DAE7364d8EE5dB53b305F6CC0DA": 1001.0,
    "0x5079EFDDD01D888f2d3131758E32a0e4956CC537": 529.5,
    "0x54e10EeC6CdB597a3671cAc3736DCaed79259fb4": 174.451165,
    "0x56c94D63a2001A9AE5E6F55eD4b2055247d8102f": 1001.0,
    "0x6787978f06D6efebc5Ef7Bd2bF90b28Ee5a1Cf49": 50.0,
    "0x76876bcbd697Ac5d92FFe679d25Ec3F5dCd8b60b": 200.0,
    "0x7AAE20d602fA88C2B2E78E46B7543aF24ffE5F75": 335.3261543,
    "0x8666f873BF4f874B852a0B7EC655ED5c855FB718": 350.063,
    "0x91b65beBdbA0E6b5B3BcD9A945327484c17dB142": 1001.0,
    "0x96663d1BBE0cA6765d71e220b2792B125AB98561": 1243.0,
    "0x9C0d605958AC114CbbF227662458146932F06a7A": 3.2e-05,
    "0x9c9c36775A5FcBfD9572601D28d162cDE0E5A36e": 1002.0,
    "0xA6C3997cC5A1DbFe6E72074424c2C0088286C71e": 3475.758995,
    "0xAC457a98A2C722ceAd70EfEcAe6810fC1A633c2D": 1001.0,
    "0xB09976DB4AffF715Cf5a7f3f93d641E375dD9D41": 352.6989619,
    "0xC7811FAc3B4519132769CEeBb15a7FFE40E097eC": 1001.0,
    "0xDD149CAbF867DEa8b58f75C26E6AFfC3531F784f": 1001.0,
    "0xDe8335C6f4105175beA9EF1eA0A170A2F10dF164": 1001.0,
    "0xb37b7E0BE3471cbC4a738d50883F1951D09be9A6": 1001.0,
    "0xf8235c1a7E1b75545162e8b6235E5e7dB9F5838A": 1001.0,
    "0x0267940D1897b150Ac9601Ef00D0E38a5fdA3011": 15000.0,
    "0x2c355152395FbFC19E4297479BcCDc8e9Bc0A174": 250.0,
    "0x3024ed33D6Be2CC4f5173e3f8384E17De279336F": 7000.0,
    "0x33A13f2222ebbFc32f6AF54E0773cb0b069E0cb9": 5719.079,
    "0x36Cc35145dBEa5A020Ddde8c37818996C0F3480C": 3402.1234,
    "0x5a1870d746C45A8c66db40A6Faf3DbfdD0378EbB": 500.0,
    "0x61E5776b24e2e2db07d2aC729A39eD70F96A9b7C": 4000.0,
    "0x6242d0E963764580CAd46Ee31B4Ea76714f57776": 100.0,
    "0x6f755270BB755be07686Af68adE9B798F0Ec7515": 1253.25,
    "0x7b200C3E7fb825b17c3d7da1e7d29379036cFbed": 1013.0,
    "0x7f75d273648662B80DfF9522664bA14d8d1d7D5D": 5405.714223,
    "0x81506f6E5E547cF793Fb7a4F9b8393843fa326A7": 305.0,
    "0x8166e6476afE22D9B316A48b1a4D39DD51D08643": 1253.261998,
    "0x8a1D03f13F7de4ae4ae9986C804c959B9ED29Bfb": 251.3274101,
    "0x9F76CfE037d0a9F38e2c0718ae6e8FbFd11Ba008": 160.0,
    "0x9c927c10341291016850294A643886fF6E4622d9": 500.8149307,
    "0x9e38518FbD86Ac0a5e5cF8A630fbBCAdaD4A9281": 0.4746616342,
    "0xC5d85c5DD04C755F4CB094F2349a21A68f73df3e": 1260.0,
    "0xCd48E80F5688307f46a69BB7053cC9220B29Adf1": 300.086,
    "0xCfA1aBa8006906679950d2fa133342e91c6EfC59": 50.0,
    "0xD827804a094670E0727954dA19B49145AC3D9D5e": 1253.3,
    "0xE4e001A3bcE89eeb53e5e7e8361A59c28731B807": 1008.0,
    "0xF1F45F26cbAC3cDE9e5E69E6a92190a954428044": 1250.0,
    "0xc88684B926DE001E109C26fAE3AD89A35038dFa0": 559.0,
    "0x0Bd3d2362D0Ef2c92805d035d2CCffa515984C15": 258.8,
    "0x488eEC81c5278e2ED6D7D9478D629997158bc59d": 1000.0,
    "0x5FBd4A3670DF68a42f3F87c217125c2637E947f4": 800.0,
    "0x6c3fe87718Bb7b49148c635d4753b964E6e029d2": 1000.69583,
    "0x71EC5ABFc49075e158b0F85575D400D0f5D7d3BE": 709.6144769,
    "0x73FAd72Df5aD5bDE9f42AB6d968B64c513A75315": 300.0,
    "0x79A2035d3121A2E4287927Dd7C310817Ef9607Fc": 496.2006,
    "0x81Ec424494006f7034e18C5526f7958b074f8d74": 251.27,
    "0x87216A450287B9Ac8da80019bf8a141Cb84E5084": 500.0,