{
    "0x3249C72d2DabF00F8d2083de9852f0900da5B3d4": 788.0,
    "0x5cC5E6DccaF171e6a4053d5aA176eA3D13C3E72b": 3072.185888379141,
    "0x77539D93015aD4c1E1358C0a9917B851fb1E2cbB": 2116.64777,
    "0x7d98218e7a18aa6b8033B0aC71Fbf6A9264DfFf5": 680.4492579393719,
    "0xCA19509388d5a40e42398F2FbE28c35a3147cA07": 500.0,
    "0xF5F22054C4EF05BcBB98587e049Fd682c5A6B1E7": 18552.12,
    "0xFA934996ab5E05017861345BFDaF1ea1e1d67999": 1310.0,
    "0xb5122A34eD16A7080B60cE9B3C5c7E4C918AE121": 1151.46,
    "0xe50C59853AE867FF0d3da6eC872269D8F1B9669C": 210.72460634761492,
    "0xfEcC700E4Eb525a52C2E39F231bD0D4a3d6DB9FB": 1084.2361560333934,
    "0x0433Bd38991E1dD3A07641532E9C66bC19BABe2d": 3009.11,
    "0x070c8EBa534900E54D74B215D1Dc54d8b05514BE": 10251.781948229976,
    "0x1b74B9957f31376466A9D72f758d21c6A0e59fB8": 320.5,
    "0x1e29E82b0a95aeabd70Ef28F2d24923362a3B4C6": 1310.513884,
    "0x23271E551Fe63B3c911b3c060Ac62fdEC232ba0E": 497.96,
    "0x48D326d5244B14ece6495ADBdDFF8Fdb44128E01": 150.0,
    "0x49E835a2d7517e6715fd7253B11E5d323e125FF5": 1250.499995988199,
    "0x4E1cf0B8e675D8Aa54f3fCc24b750111CC01069E": 15049.0,
    "0x5EA9835945f404FB9F1C753A9EABDFB739Db714C": 5004.315,
    "0x6480Bfac15D179076e3c75742cAb0a0C21F31734": 41.4,
    "0x683c376d3443Aef7508fdeE5eedf03d3eD79612D": 6961.45,
    "0x8087fEE86E8967DBF76261f440e5F41B260AE224": 6481.525,
    "0x80f63c7c2EE4E50ee385887459c5764CfeB9a5e9": 400.0,
    "0xD0dBFD27346b99AfB07bAB8d41564c57613Cd0a5": 651.6755,
    "0xF3A0B253772857Abf3455EDb4b5CC5cb8ed79997": 138.69138427350572,
    "0xa36e72B78D1ea07872dBF13112061dEcD4825999": 1001.267,
    "0xbF1EE582F38912F5aCDB12A78cCE57626680F116": 3799.4,
    "0xeB57dd0A036e0bf4bf16A00C2697C3f6B54d10aB": 1200.0,
    "0xef4Ee8640376d8cf687cf8892139FBe0852c19B4": 2400.0,
    "0xfc4755e96E7a935d72f7181AdB0aE8B683d5D467": 1852.003,
    "0x092CDa2230D41979999Fdd210af1b73A7Da46CE4": 8701.11,
    "0x09AC98A6285172Bc05fd707f6A66770a0BD10f8E": 250.0,
    "0x0aa34fA35DC0cBB32603d15FB3FaDf3FaaAbF5b3": 149.0,
    "0x13337c897744039271573FD9dC81b1b317fB8ce7": 1000.0,
    "0x3EC18c32DCAa7C353B27E03656BA44E53B53BD19": 439.25207110820895,
    "0x4539eB69D78562044F41B9ABdd7520Af4bE73FdB": 437.0,
    "0x4bE6d67c3d5CFec677323a06A75ef5a998b88815": 733.2313210903513,
    "0x57FBf190abfB204046140370Aa3ED87e8934cbBB": 606.908,
    "0x5Eeb5a71B5279aC957261e4ac5fD233EFE6A87e2": 938.432,
    "0x5eF2a6B30aA461F98559432160c4c62072F4d8EE": 5443.947449100506,
    "0x75afA0148A5330C0D54a63a2388FB4AEFB36B540": 5789.0,
    "0x762E965dA49dEC5BB2Eee78Bf2EF91330256B8FC": 1330.1404193686,
    "0x7A2777c22466De3e20eB3b3952114D45FAf454F3": 300.0,
    "0x7cc38a1C382919a1b3c58019f501b3Ec1754196a": 352.0,
    "0x7d89Bf498a308b317D141F8e0dEd2EbeAdD70922": 105.01861597003588,
    "0x8923D3Ef9AA2785601bBB0046242Be864897D15a": 302.02742824603274,
    "0x9654E02807C30E165e1df4B1c3D25D9d1397f03E": 278.0,
    "0xB854cEA254b32bae43CE9cE380A8803D8E974c6d": 300.0,
    "0xC485a40C286182E4767D1CF382C382011DD82bF6": 1809.425,
    "0xD4d00a14D2d3181DBEBEAF062933D150e9bAFB27": 4012.0,
    "0xE356fe28B7B6B015a3b2BB4419dBdF2777d7420B": 209370.05023063015,
    "0xFc5b70053D3f5a36d15768DF5369fa3B888E96Ee": 1006.74468,
    "0xceD9450c4671b64b27C0614Bea50676115F5B6e7": 1250.0,
    "0x3c9547720002cdfC8fe9Bb366ecB0043018aC011": 1750.0,
    "0x45dc4FB410Afd6de6A874104215E7be864b6bEF2": 275.0,
    "0x47779c5F876054beA1E755414B49f611b0aEd649": 1135.0999457314963,
    "0x551eFabc85f34d62f3d8C2C1FD79FB28A802b858": 350.90786319584504,
    "0x674D20f803d4865cf753574473Cd77708e9e9aF2": 250.0,
    "0x74a1b835529D251637B4e48562aBbEA146f913d7": 1000.2896931626052,
    "0x940fd84B9FC595C376ac2E6FDb625710177942cC": 750.1686214484791,
    "0x999805BE3736223A67fbB4998ff311dCBA0ec591": 304.6,
    "0x9d06433FeEfa692bAac1213f46c366f03c86A095": 342.41991728174963,
    "0xBCC4F15CCD0D6880E5057dd2A679E6196294634E": 263.91,
    "0xEf8a3991bc37517F6426B996dF42e25fa4EEEeCB": 15.0,
    "0xc52930C66D9CF8A3A3cF26922F6CBd15953EaF33": 1000.78762,
    "0xc8790dB37d2121638097E24E3075009729A90346": 7662.924941667498,
    "0xd80d5fAde0D7b704c81e88Fe4bb6a506376bB91a": 400.9778400775775,
    "0xe270e2B1275f2801Eb67c8561a2e2DED1f8CfAD4": 6973.0
}