{
    "0x3d9e1F9E0850376Add8Cc96c13aE2e8978243004": 2554.83,
    "0x4F470c4Ec279Bb10E9Ba021bA19BfDa126fBa770": 914.0,
    "0x684ECf4Be1D20Cc84C8eACd7B354246cEe49C0D1": 50.0,
    "0x76d7384B59F1a58c1CCe247d2E52751DCe4eEd21": 7008.0,
    "0xED4E84360D90D6250f24d4c0572e2F2F7926F24c": 261.62,
    "0xa9822De77C6c2e723fc8f7A7AF69980439FF0D8E": 608.95,
    "0xeb5AEA486139e0A2b55555598B3CDfce716e3bAd": 53.39060948,
    "0x03b24d959222C0a557ecf1309FbD4C83088298E5": 1697.0,
    "0x058Dcd900505292811C80d3D4e45ef88A370b763": 12.87343311,
    "0x06C9B63785d21A32590c33F1957Eb52Fa8967C7F": 470.0,
    "0x07C860BeF41eDB0CB31034637b97548D26017407": 201.5439213,
    "0x0DF2763078b4b5C714E0EdF86Fa33bc71127180F": 9652.7236,
    "0x2B5d8BbAA6F177FeEef3Ee82Dd239933BeE61d98": 220.08,
    "0x3bEb5b78363e32832199dd0Abc961412BA4ECA6c": 1316.0,
    "0x44051AD7FdA9Ae27bCB397AC753678D0753aE16D": 2959.1616,
    "0x632215ff0690084212cbb3d59cA0a6A6713D9e02": 2501.35,
    "0x69CCba053EF42e77DE0058e1BdFbaB089c78a471": 3240.602779,
    "0x6D5CbCd69e6083FCF355FFa3DB8ED1dD16eE63F2": 1017.565756,
    "0x7e5DAe8DC66cc3a086fbe6bFD9CCcAd59deB4420": 2022.0,
    "0x80E87786613DD5b332802111D6Ec2D2eF3dd96e6": 110.0,
    "0x87EA0611396C1C4ae79F352Edf3A4368392587A6": 251.0,
    "0xBa67cB850668EbDC213359e1ACdB96687717E200": 18367.910604,
    "0xD91672A7e9EA8bF163F52a8dE90b2a98aFBee032": 1006.0,
    "0xDEc0dE42b846851C45FC971C1101932423A0c82f": 750.0,
    "0xF74117bF4C3B13e6336038cBFb8BbdCB3FDDa276": 337.24,
    "0xb018F978D7D6dE47215C55f3BE381105CeAe9533": 1250.0,
    "0xb8f3A96a5b61eA648b67d5E258C8Cd5080A80365": 5000.0,
    "0xc2c271556D11a0EE48b5A85C95B0da37b9aCd483": 1087.257,
    "0xc6fbE780Be01482ab1d188fBf20bd30BCa9BAb60": 1250.345748,
    "0x0BDbB0F5e2D9FF8cA29B4170b5A5D3bdc18Aa07E": 755.368,
    "0x0EFFE4Fb5280a46a5e787f7a94A3F364117B4EBd": 50.47844052,
    "0x0F8dFda2Cc073a6160c03Ca856Bec0f376e54440": 3056.0,
    "0x3703751d80737a5A0AFA4f0f624329Dcb51fC9D2": 653.0,
    "0x373d789852fFE83518E61F8b079cb582d637dd9c": 301.0,
    "0x5E821e8479B1950ea2A0FD772C105Ad9B655FEBD": 1006.9289,
    "0x633ce3aE1B46B866B8c6B1796BC898220472F354": 550.958,
    "0x6CC86C6eEf8DDd9818003120E7E7A46900eD9E32": 10000.18414,
    "0x6dE5646d7C9E77dA69b81B887e0C508E483c2b90": 250.4032856,
    "0x73344a14490Adf71752681c1B55eD0E3CEacD5F5": 100.0,
    "0x741050A6B055A3Ba4CEb4519b383a63046Cb1eCE": 804.0,
    "0x81389bF2B1fcdA287b090119ea3cC706a16b6C36": 1363.531657,
    "0x970FD4DF0A6508e537a198a8ec1F4301eF0220c2": 500.0,
    "0x9Ad51c4adcF30a3B65672688eAB1769B97428912": 1029.87,
    "0xAf33Ff98776B190e13BDB6D9E806838a5dA122fc": 792.3180772,
    "0xC81a77D1F0785ea0788DD4F6266C8C3Ae886dee3": 2100.0,
    "0xCf7bCEF46Aa95449E86F1A2d23b7b4CaA8d6ae3D": 300.3390952,
    "0xD92ff6a4D178E0b4060Ade7A69F73C1B3c1Dc3f8": 586.61974,
    "0xDCae611bE1470b5c23CFDf2502cb9CbD9a925720": 698.448,
    "0xb02Fe8Ce7ed1EDB018611FD0f7DC983028a5E41f": 2111.266063,
    "0xbc8Ca713a71fFbE54446E215eF850f773eC4D5A7": 1503.0,
    "0xcAF15B443812b88155D896353df4DeE5036EEa61": 602.0,
    "0xeD796F9e412dd231bba84b077C109e354b0Fb555": 350.19,
    "0x0516d3298a602A79387778B13d6927989EbBD190": 1301.658529,
    "0x06Dc0CBF44EED256C5975210095be703504a4541": 1002.9,
    "0x0a56BE2fa7BE546A910399e4723925D12A87f2CD": 291.342,
    "0x11d82FbECE5543085d9F8f8a82fc36De1a016995": 253.86280698757602,
    "0x133AA707bdAd504bd73E16D93b9A8eA8755Fd89f": 1063.001429,
    "0x2124712F391AE1B1dE5fb63E149c25B316c3114C": 1732.0,
    "0x304e763a9d6502c2AA3E57F890F6aF1fB84edB5A": 226.780899,
    "0x360bA6D3aF889b337709FFAE1A600e863a326722": 1146.417612,
    "0x531364ebA4061Dd72A24d69FA8bc6166Bf4156D6": 250.0,
    "0x5a1870d746C45A8c66db40A6Faf3DbfdD0378EbB": 1500.0,
    "0x5d95b7064AFEE447885fE0F894Dc559b646Ff58a": 800.0,
    "0x6cc28D3E74b8b0913a561CdDB41364EC8594b0Fb": 2000.052401,
    "0x7c608B36F8A0Aa5dcd610fBf188C189Fd27A1fdc": 10.0,
    "0x89B3ca95b293331249140E6697145d5806b3976d": 3136.56,
    "0x8DCe81D9643A5edcadE543bf170a9006D761Edd5": 289.7313249,
    "0x9C0d605958AC114CbbF227662458146932F06a7A": 1880.4369,
    "0x9E8DbD165A77Db36cebC91EBCDeb38566Fd01D9f": 250.33055000000002,
    "0x9e38518FbD86Ac0a5e5cF8A630fbBCAdaD4A9281": 100.0,
    "0xAe1FF4f54D1C97f432cE20C87A1D5D7eDE320c9B": 2602.5,
    "0xB9188EC6b449230D8e164e6AaD79fD34EDabbbdb": 365.7168,
    "0xDF2373F5a08D79BEeaB67AD07fa34D5377379434": 8574.929486,
    "0xa41570104e8820AeE104Fba71d3e8A9Db1235205": 750.0,
    "0x08943873222CE63eC48f8907757928dcb06af388": 500.0,
    "0x13958F540111CaA602d187a5001686Ddf2306ff9": 1787.78,
    "0x18dD27942FA67e6a997f71547655E80E7dFAc29f": 1072.0,
    "0x21b87C773E4AECa81428Ff8036880601Ec62D148": 2601.34223,
    "0x244C0666817bC5CadCd81F05F4400f17FD06e11E": 211.38595,
    "0x25904c20f1CD3C74bEFefeD3D2aB6566D845C8B5": 3450.0,
    "0x310f0d17b66881407Cc13d22f557fC3c4Bfd41bb": 357.500784,
    "0x336B6503157A47f19F155e570db1Ee327c2385D6": 322.205514,
    "0x38d4698DCd6584242103C1d949f301286e66cFd0": 3000.0,
    "0x41951A191ec0c833Db8c50c713a07B376D083cC1": 1313.0,
    "0x505A0617101F5820d26D59e30884eE7AB22b575D": 100.0,
    "0x61412Be4424150e9Bcd38F0b61D9A748c4Af21B1": 181.0,
    "0x81a72aA945F90142370FC7E3aDDf039ebbe2Ef19": 1258.33,
    "0x8e957e490dF83068F44c6277Dc42Bd61f6Fb3066": 255.0,
    "0x904EcA21B7F1296442FeE4b4b00ad2e2bff3d890": 350.0,
    "0xA4C350f7Ee6d318215a76A22D6D1D10D62Cd2137": 1252.3125,
    "0xB253b4c559452070D76569840D51DFC7C3075Be5": 5000.00181,
    "0xBD0fbEb5d04a96E84fed4bD485cAe7df09aC7835": 3946.375004,
    "0xDF632eA5Ba8283488aAe8538e17a2F802243A61A": 300.0417582,
    "0xa86fD72a2af0238aa6Ada838a0855efB25C6DeB1": 3216.9,
    "0xbB402e420ECA3160b6d102aa8E693e652Cc5c4B6": 4570.001906,
    "0xed51F66bA4E958235aA0992dD8cf1d2aBcD783bd": 772.1998945,
    "0xfC7275b4361fdd8820cff1CdFA3362BB869aDA20": 347.5761918,
    "0x1feB52be24E4Bc08815F342F7027a02Cab0C5dD3": 50.0,
    "0x50ad4b05544ABc90675Db1C87375896EB126D49B": 300.0,
    "0x550d19253Fb509Fdbd67E1Eb8b114107058131Ef": 330.9710971,
    "0x7a146aB6a1eb2769c908A1DAa164BcC33136f5c8": 1010.506468,
    "0x9850Fd8c39C117b33ABdA43d82DD1c2bC97ac5fc": 1467.74,
    "0x9c61592BAf26D931079ACB91B1e546BF14F80DB2": 1422.5247,
    "0xA5838A1834dEc705e4fE50b5bE1566F8838A379F": 6957.62,
    "0xBF245AD0755b29B418485D03f5DAc70202f9F379": 304.54,
    "0xBd062e5034ecbE61B024029D32f537890715bC92": 250.0,
    "0xa03a88989086E84E91e7ff79b69a4ED9e18E1539": 50.0,
    "0xa0E9DAb471e6166aFdCBa35AB576077068c7Af18": 0.1,
    "0xbbef2608f300493cEb9860231f2466736b759Aa6": 200.54,
    "0xcCC29e42d82777791109a26d68678a04Aa3fD116": 475.0,
    "0xd02D00A7A1FaaBc9Fe5dCBECf545123E9277e32B": 800.92,
    "0xe05E0F2740534df2d269ED8EBA15bb29bfccB158": 219.7544,
    "0xf79a4CE9Bd79f43257E24986Dd35C3DfC5da5460": 300.0155666,
    "0xfC72E920F20639650B59296041a3AAD7559Fa168": 50.0
}